000088,130.31,交通运输
000089,129.4,交通运输
000099,125.36,交通运输
000429,179.34,交通运输
000507,45.03,交通运输
000520,39.07,交通运输
000548,21.12,交通运输
000557,52.19,交通运输
000582,233.59,交通运输
000755,64.86,交通运输
000828,99.79,交通运输
000886,41.26,交通运输
000900,54.64,交通运输
000905,60.9,交通运输
000906,36.82,交通运输
000927,142.79,交通运输
001202,15.64,交通运输
001205,23.22,交通运输
001213,152.89,交通运输
001220,6.53,交通运输
001228,20.41,交通运输
001317,34.6,交通运输
001391,64.72,交通运输
002010,130.7,交通运输
002040,38.21,交通运输
002120,179.04,交通运输
002320,146.22,交通运输
002357,30.06,交通运输
002468,203.66,交通运输
002485,28.29,交通运输
002492,22.12,交通运输
002682,24.35,交通运输
002769,25.22,交通运输
002800,19.74,交通运输
002889,26.15,交通运输
002928,100.98,交通运输
002930,37.14,交通运输
300013,17.08,交通运输
300240,18.79,交通运输
300350,19.19,交通运输
300873,44.76,交通运输
600004,180.58,交通运输
600012,180.09,交通运输
600017,79.04,交通运输
600020,86.75,交通运输
600033,92.21,交通运输
600035,58.29,交通运输
600057,118.02,交通运输
600106,64.32,交通运输
600119,15.71,交通运输
600125,68.93,交通运输
600153,241.82,交通运输
600179,178.05,交通运输
600180,11.74,交通运输
600269,95.05,交通运输
600279,44.63,交通运输
600368,56.5,交通运输
600428,200.02,交通运输
600515,258.76,交通运输
600548,141.61,交通运输
600561,14.57,交通运输
600603,49.51,交通运输
600611,60.97,交通运输
600650,38.86,交通运输
600704,255.46,交通运输
600717,120.1,交通运输
600751,79.0,交通运输
600753,25.33,交通运输
600755,120.25,交通运输
600787,92.88,交通运输
600794,35.52,交通运输
600798,39.94,交通运输
600834,32.32,交通运输
600897,62.37,交通运输
601000,244.15,交通运输
601008,51.11,交通运输
601022,101.42,交通运输
601083,19.76,交通运输
601107,109.65,交通运输
601156,155.86,交通运输
601188,37.21,交通运输
601228,220.3,交通运输
601326,153.67,交通运输
601333,165.61,交通运输
601518,54.64,交通运输
601598,280.57,交通运输
601866,226.25,交通运输
601880,263.31,交通运输
601975,212.96,交通运输
603006,36.31,交通运输
603066,29.36,交通运输
603069,41.11,交通运输
603117,20.91,交通运输
603128,66.5,交通运输
603162,38.58,交通运输
603167,41.43,交通运输
603209,42.5,交通运输
603329,19.19,交通运输
603535,32.03,交通运输
603565,217.57,交通运输
603569,31.99,交通运输
603648,33.81,交通运输
603713,119.62,交通运输
603813,38.53,交通运输
603836,22.09,交通运输
603871,147.61,交通运输
603885,238.93,交通运输
603967,38.83,交通运输
605050,48.4,交通运输
920351,4.92,交通运输
920571,27.89,交通运输
000156,112.02,传媒
000607,27.88,传媒
000665,43.32,传媒
000676,65.97,传媒
000681,142.06,传媒
000719,76.72,传媒
000793,66.62,传媒
000917,102.48,传媒
002095,33.83,传媒
002181,117.76,传媒
002238,45.1,传媒
002264,38.17,传媒
002291,43.28,传媒
002354,130.54,传媒
002400,113.24,传媒
002712,23.37,传媒
002878,27.86,传媒
002995,20.63,传媒
300061,44.67,传媒
300063,55.63,传媒
300071,33.65,传媒
300148,25.72,传媒
300242,27.86,传媒
300295,17.26,传媒
300364,166.69,传媒
300413,152.03,传媒
300612,20.26,传媒
300654,33.99,传媒
300770,74.82,传媒
300781,32.79,传媒
300785,46.82,传媒
300788,44.99,传媒
300805,21.54,传媒
300987,21.95,传媒
301025,22.75,传媒
301052,18.64,传媒
301102,35.93,传媒
301171,172.65,传媒
301231,17.5,传媒
301262,23.0,传媒
301299,20.77,传媒
301313,42.58,传媒
301551,32.55,传媒
600037,89.49,传媒
600228,40.81,传媒
600229,32.04,传媒
600358,26.81,传媒
600373,92.56,传媒
600551,47.33,传媒
600556,82.43,传媒
600637,287.78,传媒
600640,80.13,传媒
600757,89.8,传媒
600825,48.69,传媒
600831,21.83,传媒
600959,149.52,传媒
600986,110.07,传媒
600996,109.97,传媒
601019,141.49,传媒
601098,178.16,传媒
601801,98.68,传媒
601811,88.53,传媒
601858,148.22,传媒
601900,97.02,传媒
601921,152.89,传媒
601928,224.71,传媒
601929,78.87,传媒
601949,91.39,传媒
601999,30.8,传媒
603000,169.61,传媒
603096,21.16,传媒
603230,31.32,传媒
603466,63.82,传媒
603533,93.22,传媒
603598,48.03,传媒
603602,26.57,传媒
603729,9.92,传媒
603825,15.91,传媒
603888,121.99,传媒
603999,30.01,传媒
605168,119.41,传媒
605577,40.67,传媒
920021,18.47,传媒
000037,31.04,公用事业
000155,232.43,公用事业
000407,33.02,公用事业
000531,58.59,公用事业
000537,157.06,公用事业
000539,171.47,公用事业
000543,176.82,公用事业
000591,174.09,公用事业
000593,83.53,公用事业
000595,63.54,公用事业
000600,99.63,公用事业
000601,64.34,公用事业
000631,67.39,公用事业
000669,25.92,公用事业
000690,105.24,公用事业
000692,21.85,公用事业
000722,54.63,公用事业
000767,117.07,公用事业
000791,150.01,公用事业
000862,30.64,公用事业
000875,176.48,公用事业
000883,288.34,公用事业
000899,99.03,公用事业
000966,141.33,公用事业
000993,46.62,公用事业
001210,28.9,公用事业
001258,66.17,公用事业
001286,147.42,公用事业
001299,29.7,公用事业
001331,137.56,公用事业
001376,23.31,公用事业
001896,283.8,公用事业
002015,283.92,公用事业
002039,81.36,公用事业
002053,80.47,公用事业
002218,53.56,公用事业
002256,76.75,公用事业
002259,30.24,公用事业
002267,73.4,公用事业
002310,95.9,公用事业
002479,38.06,公用事业
002480,39.76,公用事业
002608,278.07,公用事业
002616,26.26,公用事业
002617,168.8,公用事业
002700,30.32,公用事业
002893,20.16,公用事业
002911,124.17,公用事业
003035,226.14,公用事业
300040,31.63,公用事业
300125,33.41,公用事业
300317,33.9,公用事业
300332,34.94,公用事业
300335,19.21,公用事业
600032,170.25,公用事业
600052,30.56,公用事业
600098,225.43,公用事业
600101,44.32,公用事业
600116,108.61,公用事业
600149,17.45,公用事业
600163,97.81,公用事业
600167,123.1,公用事业
600173,42.87,公用事业
600292,59.61,公用事业
600310,60.24,公用事业
600333,31.37,公用事业
600396,224.44,公用事业
600452,147.82,公用事业
600475,138.6,公用事业
600505,39.59,公用事业
600509,114.49,公用事业
600575,132.52,公用事业
600617,48.47,公用事业
600635,104.98,公用事业
600644,46.84,公用事业
600681,43.95,公用事业
600719,34.27,公用事业
600744,133.04,公用事业
600780,68.45,公用事业
600821,130.24,公用事业
600868,51.06,公用事业
600903,93.0,公用事业
600917,73.52,公用事业
600930,156.97,公用事业
600956,165.78,公用事业
600969,28.86,公用事业
600979,49.05,公用事业
600982,55.66,公用事业
601016,216.17,公用事业
601139,164.55,公用事业
601619,102.5,公用事业
601778,170.14,公用事业
601908,71.47,公用事业
603053,75.2,公用事业
603071,64.33,公用事业
603080,27.47,公用事业
603105,35.05,公用事业
603318,43.47,公用事业
603689,37.43,公用事业
603693,114.29,公用事业
603706,35.55,公用事业
605011,63.98,公用事业
605028,32.48,公用事业
605090,240.46,公用事业
605162,35.34,公用事业
605169,25.77,公用事业
605368,44.02,公用事业
605580,84.48,公用事业
920010,15.23,公用事业
920770,9.24,公用事业
000019,24.06,农林牧渔
000048,118.09,农林牧渔
000505,32.57,农林牧渔
000592,131.57,农林牧渔
000663,15.96,农林牧渔
000702,13.31,农林牧渔
000713,32.73,农林牧渔
000735,55.93,农林牧渔
000798,26.23,农林牧渔
000876,268.2,农林牧渔
000911,14.61,农林牧渔
000930,84.09,农林牧渔
000972,24.84,农林牧渔
000998,97.53,农林牧渔
001201,22.16,农林牧渔
001313,49.5,农林牧渔
001338,43.9,农林牧渔
001366,18.17,农林牧渔
002041,71.46,农林牧渔
002069,21.59,农林牧渔
002100,79.87,农林牧渔
002124,40.43,农林牧渔
002157,215.72,农林牧渔
002215,70.72,农林牧渔
002234,19.86,农林牧渔
002286,32.57,农林牧渔
002299,187.72,农林牧渔
002321,35.68,农林牧渔
002385,94.21,农林牧渔
002458,77.21,农林牧渔
002481,43.38,农林牧渔
002548,28.64,农林牧渔
002556,43.87,农林牧渔
002567,45.67,农林牧渔
002679,19.14,农林牧渔
002688,35.95,农林牧渔
002696,16.95,农林牧渔
002746,36.05,农林牧渔
002772,44.48,农林牧渔
002852,20.92,农林牧渔
002868,24.73,农林牧渔
002891,85.69,农林牧渔
002982,14.22,农林牧渔
003030,18.29,农林牧渔
300021,33.8,农林牧渔
300087,61.63,农林牧渔
300094,27.86,农林牧渔
300119,49.44,农林牧渔
300138,36.72,农林牧渔
300175,21.75,农林牧渔
300189,39.7,农林牧渔
300268,14.25,农林牧渔
300313,15.31,农林牧渔
300511,29.16,农林牧渔
300673,19.75,农林牧渔
300761,99.96,农林牧渔
300871,46.96,农林牧渔
300967,17.48,农林牧渔
300970,24.08,农林牧渔
300999,129.53,农林牧渔
301498,70.84,农林牧渔
600097,19.49,农林牧渔
600108,63.86,农林牧渔
600127,33.37,农林牧渔
600191,48.64,农林牧渔
600195,61.47,农林牧渔
600201,134.3,农林牧渔
600251,68.14,农林牧渔
600265,27.14,农林牧渔
600313,58.11,农林牧渔
600354,25.86,农林牧渔
600359,21.56,农林牧渔
600371,18.96,农林牧渔
600467,30.24,农林牧渔
600540,20.29,农林牧渔
600598,190.03,农林牧渔
600737,233.13,农林牧渔
600883,17.4,农林牧渔
600965,21.04,农林牧渔
600975,52.99,农林牧渔
601118,214.4,农林牧渔
601952,105.28,农林牧渔
601996,24.77,农林牧渔
603151,19.35,农林牧渔
603182,19.55,农林牧渔
603231,16.15,农林牧渔
603336,45.84,农林牧渔
603363,56.46,农林牧渔
603477,65.9,农林牧渔
603566,35.37,农林牧渔
603609,51.86,农林牧渔
603668,60.34,农林牧渔
603717,17.52,农林牧渔
605296,128.2,农林牧渔
688098,37.04,农林牧渔
688156,26.16,农林牧渔
688526,56.31,农林牧渔
920023,4.7,农林牧渔
920087,16.47,农林牧渔
920275,7.36,农林牧渔
920371,13.83,农林牧渔
920403,11.21,农林牧渔
920419,9.57,农林牧渔
920729,5.13,农林牧渔
920964,6.68,农林牧渔
000028,102.28,医药生物
000078,35.97,医药生物
000153,24.0,医药生物
000403,87.86,医药生物
000411,53.22,医药生物
000423,281.12,医药生物
000504,24.75,医药生物
000513,167.37,医药生物
000516,86.87,医药生物
000518,33.77,医药生物
000534,144.56,医药生物
000566,59.52,医药生物
000590,20.94,医药生物
000597,61.44,医药生物
000623,218.55,医药生物
000650,68.3,医药生物
000661,262.19,医药生物
000705,17.26,医药生物
000710,25.31,医药生物
000739,190.61,医药生物
000756,67.1,医药生物
000766,257.05,医药生物
000788,29.92,医药生物
000790,22.41,医药生物
000813,62.69,医药生物
000908,49.36,医药生物
000915,65.36,医药生物
000919,37.12,医药生物
000931,33.05,医药生物
000950,88.14,医药生物
000952,19.78,医药生物
000953,19.62,医药生物
000989,55.12,医药生物
001367,23.18,医药生物
002004,76.65,医药生物
002007,198.74,医药生物
002019,81.98,医药生物
002020,90.79,医药生物
002022,24.48,医药生物
002030,71.01,医药生物
002038,45.83,医药生物
002044,206.88,医药生物
002082,66.49,医药生物
002086,27.04,医药生物
002099,86.99,医药生物
002102,45.63,医药生物
002107,33.03,医药生物
002168,28.23,医药生物
002172,22.19,医药生物
002173,73.95,医药生物
002198,15.48,医药生物
002219,58.89,医药生物
002223,245.84,医药生物
002252,293.82,医药生物
002262,166.95,医药生物
002275,69.97,医药生物
002287,109.68,医药生物
002317,179.82,医药生物
002332,79.36,医药生物
002349,51.37,医药生物
002365,25.93,医药生物
002370,38.55,医药生物
002382,53.08,医药生物
002390,51.86,医药生物
002393,43.08,医药生物
002399,112.75,医药生物
002412,28.38,医药生物
002424,51.26,医药生物
002437,54.18,医药生物
002462,34.57,医药生物
002524,17.72,医药生物
002550,59.96,医药生物
002551,18.14,医药生物
002566,14.46,医药生物
002581,13.35,医药生物
002589,34.55,医药生物
002603,209.65,医药生物
002622,17.81,医药生物
002644,36.82,医药生物
002675,95.82,医药生物
002693,34.81,医药生物
002727,40.55,医药生物
002728,42.91,医药生物
002737,69.15,医药生物
002742,17.81,医药生物
002755,120.38,医药生物
002773,140.1,医药生物
002788,40.09,医药生物
002793,42.79,医药生物
002817,17.37,医药生物
002826,29.09,医药生物
002864,19.45,医药生物
002872,9.97,医药生物
002873,17.93,医药生物
002880,46.77,医药生物
002898,9.96,医药生物
002900,15.48,医药生物
002901,121.19,医药生物
002907,45.54,医药生物
002923,25.01,医药生物
002932,22.17,医药生物
002940,51.38,医药生物
002950,42.49,医药生物
003020,25.94,医药生物
300003,189.63,医药生物
300006,48.25,医药生物
300009,95.47,医药生物
300016,43.57,医药生物
300026,90.04,医药生物
300030,16.5,医药生物
300039,38.51,医药生物
300049,91.4,医药生物
300086,26.26,医药生物
300110,30.24,医药生物
300111,38.1,医药生物
300122,169.72,医药生物
300142,193.17,医药生物
300143,57.19,医药生物
300147,64.88,医药生物
300149,43.23,医药生物
300158,46.1,医药生物
300171,63.3,医药生物
300181,80.07,医药生物
300194,33.5,医药生物
300199,163.86,医药生物
300204,95.27,医药生物
300206,42.43,医药生物
300233,46.45,医药生物
300238,30.65,医药生物
300239,32.08,医药生物
300244,99.44,医药生物
300246,32.97,医药生物
300254,18.91,医药生物
300255,230.14,医药生物
300267,48.08,医药生物
300289,30.8,医药生物
300294,73.57,医药生物
300298,62.92,医药生物
300314,13.41,医药生物
300318,34.39,医药生物
300326,42.43,医药生物
300341,71.79,医药生物
300347,248.46,医药生物
300357,107.53,医药生物
300358,55.47,医药生物
300363,81.02,医药生物
300381,27.51,医药生物
300396,17.29,医药生物
300401,118.21,医药生物
300404,24.78,医药生物
300406,47.61,医药生物
300434,32.71,医药生物
300436,125.39,医药生物
300439,23.94,医药生物
300452,23.46,医药生物
300453,33.22,医药生物
300463,41.15,医药生物
300482,75.99,医药生物
300485,24.81,医药生物
300497,101.82,医药生物
300519,14.15,医药生物
300529,79.43,医药生物
300534,21.93,医药生物
300558,259.39,医药生物
300562,21.27,医药生物
300573,110.86,医药生物
300583,21.35,医药生物
300584,31.47,医药生物
300595,72.53,医药生物
300601,103.63,医药生物
300633,48.69,医药生物
300636,24.43,医药生物
300639,32.58,医药生物
300642,16.7,医药生物
300653,26.95,医药生物
300676,151.06,医药生物
300677,182.61,医药生物
300683,29.69,医药生物
300685,65.88,医药生物
300702,44.46,医药生物
300705,36.56,医药生物
300723,146.21,医药生物
300725,70.12,医药生物
300753,17.61,医药生物
300832,290.87,医药生物
300841,54.43,医药生物
300869,28.58,医药生物
300878,49.58,医药生物
300937,12.88,医药生物
300942,24.1,医药生物
300966,22.46,医药生物
300981,39.18,医药生物
301015,100.59,医药生物
301017,36.94,医药生物
301033,26.68,医药生物
301047,74.32,医药生物
301060,31.15,医药生物
301065,15.7,医药生物
301075,50.86,医药生物
301080,56.72,医药生物
301087,86.19,医药生物
301089,19.03,医药生物
301093,192.73,医药生物
301096,44.13,医药生物
301097,14.37,医药生物
301103,18.59,医药生物
301111,48.24,医药生物
301122,21.51,医药生物
301126,12.23,医药生物
301130,14.73,医药生物
301166,14.62,医药生物
301188,177.19,医药生物
301201,40.69,医药生物
301207,98.27,医药生物
301211,49.36,医药生物
301230,46.09,医药生物
301234,14.41,医药生物
301235,50.81,医药生物
301239,44.46,医药生物
301246,48.18,医药生物
301257,30.95,医药生物
301258,20.96,医药生物
301263,67.03,医药生物
301267,100.25,医药生物
301277,35.68,医药生物
301281,32.43,医药生物
301290,22.52,医药生物
301293,105.71,医药生物
301301,50.6,医药生物
301331,23.04,医药生物
301333,47.86,医药生物
301363,101.59,医药生物
301367,39.43,医药生物
301370,27.23,医药生物
301393,23.7,医药生物
301408,34.32,医药生物
301507,13.83,医药生物
301509,16.03,医药生物
301515,11.74,医药生物
301520,7.92,医药生物
301580,73.08,医药生物
301584,11.37,医药生物
301602,29.88,医药生物
600055,73.96,医药生物
600056,132.64,医药生物
600062,167.15,医药生物
600079,256.48,医药生物
600080,16.65,医药生物
600129,67.93,医药生物
600161,233.53,医药生物
600211,119.61,医药生物
600216,110.55,医药生物
600222,39.89,医药生物
600252,58.59,医药生物
600257,21.7,医药生物
600267,123.34,医药生物
600272,16.62,医药生物
600285,109.73,医药生物
600327,28.58,医药生物
600329,209.54,医药生物
600332,284.97,医药生物
600351,41.1,医药生物
600380,180.2,医药生物
600420,108.37,医药生物
600422,60.26,医药生物
600479,40.05,医药生物
600488,51.21,医药生物
600511,146.91,医药生物
600513,43.05,医药生物
600518,174.16,医药生物
600521,218.45,医药生物
600529,120.98,医药生物
600535,202.88,医药生物
600538,31.08,医药生物
600557,64.03,医药生物
600566,235.72,医药生物
600568,34.05,医药生物
600572,100.26,医药生物
600587,72.37,医药生物
600594,24.31,医药生物
600613,22.19,医药生物
600624,23.71,医药生物
600645,82.0,医药生物
600664,75.81,医药生物
600671,20.41,医药生物
600713,66.81,医药生物
600721,26.03,医药生物
600739,160.3,医药生物
600750,142.18,医药生物
600763,153.51,医药生物
600771,64.42,医药生物
600774,19.2,医药生物
600789,63.9,医药生物
600807,18.73,医药生物
600812,74.81,医药生物
600829,46.68,医药生物
600833,20.99,医药生物
600851,72.2,医药生物
600867,150.81,医药生物
600976,41.28,医药生物
600993,94.62,医药生物
600998,243.55,医药生物
601089,77.28,医药生物
603014,33.33,医药生物
603108,57.68,医药生物
603122,45.58,医药生物
603127,243.38,医药生物
603139,39.7,医药生物
603168,18.22,医药生物
603205,8.72,医药生物
603207,12.25,医药生物
603222,38.17,医药生物
603229,66.59,医药生物
603233,181.31,医药生物
603235,97.27,医药生物
603301,235.17,医药生物
603309,33.01,医药生物
603351,33.7,医药生物
603367,58.72,医药生物
603368,60.26,医药生物
603387,39.56,医药生物
603439,56.5,医药生物
603456,116.87,医药生物
603520,45.42,医药生物
603538,81.84,医药生物
603567,42.65,医药生物
603590,45.88,医药生物
603658,169.14,医药生物
603669,39.96,医药生物
603676,36.77,医药生物
603707,115.36,医药生物
603716,34.79,医药生物
603718,18.56,医药生物
603811,35.77,医药生物
603858,158.08,医药生物
603880,21.76,医药生物
603882,109.33,医药生物
603883,86.36,医药生物
603896,26.86,医药生物
603939,226.84,医药生物
603976,40.79,医药生物
603987,30.75,医药生物
603998,40.48,医药生物
605116,77.22,医药生物
605177,19.06,医药生物
605199,22.05,医药生物
605266,23.72,医药生物
605369,42.03,医药生物
605507,117.35,医药生物
688013,21.42,医药生物
688016,109.16,医药生物
688026,23.48,医药生物
688029,136.85,医药生物
688046,91.88,医药生物
688050,72.25,医药生物
688062,56.6,医药生物
688067,14.12,医药生物
688068,73.82,医药生物
688073,44.44,医药生物
688075,38.49,医药生物
688076,84.42,医药生物
688085,42.04,医药生物
688091,84.38,医药生物
688105,82.2,医药生物
688108,80.79,医药生物
688114,209.77,医药生物
688117,54.82,医药生物
688131,194.47,医药生物
688136,41.58,医药生物
688137,24.63,医药生物
688139,79.88,医药生物
688151,52.54,医药生物
688161,84.72,医药生物
688163,47.83,医药生物
688166,158.93,医药生物
688176,42.19,医药生物
688177,69.48,医药生物
688180,240.11,医药生物
688185,57.18,医药生物
688189,16.66,医药生物
688192,180.1,医药生物
688193,21.83,医药生物
688197,20.74,医药生物
688198,114.12,医药生物
688202,96.05,医药生物
688212,39.87,医药生物
688217,11.51,医药生物
688221,78.14,医药生物
688222,126.65,医药生物
688235,279.25,医药生物
688236,41.71,医药生物
688238,34.37,医药生物
688247,34.18,医药生物
688253,83.29,医药生物
688265,25.24,医药生物
688266,284.56,医药生物
688273,38.2,医药生物
688276,58.49,医药生物
688277,77.88,医药生物
688278,220.99,医药生物
688289,80.36,医药生物
688293,45.22,医药生物
688298,36.79,医药生物
688302,34.54,医药生物
688314,29.42,医药生物
688315,52.11,医药生物
688317,30.13,医药生物
688319,157.1,医药生物
688321,102.89,医药生物
688331,194.88,医药生物
688338,28.69,医药生物
688351,104.94,医药生物
688356,44.97,医药生物
688358,36.06,医药生物
688366,57.58,医药生物
688373,26.47,医药生物
688382,99.86,医药生物
688389,42.63,医药生物
688393,17.07,医药生物
688399,38.04,医药生物
688410,45.0,医药生物
688426,20.31,医药生物
688428,69.45,医药生物
688443,31.79,医药生物
688468,23.42,医药生物
688488,51.17,医药生物
688505,51.3,医药生物
688513,75.86,医药生物
688520,155.82,医药生物
688553,54.19,医药生物
688566,49.83,医药生物
688575,50.11,医药生物
688576,12.84,医药生物
688580,53.79,医药生物
688581,21.7,医药生物
688606,32.86,医药生物
688607,38.4,医药生物
688613,20.18,医药生物
688617,266.54,医药生物
688621,59.72,医药生物
688626,72.1,医药生物
688656,59.11,医药生物
688658,59.09,医药生物
688670,17.09,医药生物
688677,136.52,医药生物
688687,26.99,医药生物
688690,183.37,医药生物
688710,59.22,医药生物
688712,14.03,医药生物
688739,81.87,医药生物
688758,58.44,医药生物
688759,16.87,医药生物
688765,20.91,医药生物
688767,50.92,医药生物
688796,36.67,医药生物
688799,60.82,医药生物
688805,14.77,医药生物
920009,3.86,医药生物
920017,20.08,医药生物
920047,36.38,医药生物
920050,4.85,医药生物
920069,5.17,医药生物
920166,5.14,医药生物
920180,4.62,医药生物
920230,4.73,医药生物
920266,7.75,医药生物
920278,4.38,医药生物
920300,6.79,医药生物
920344,20.62,医药生物
920367,7.6,医药生物
920433,7.52,医药生物
920478,5.77,医药生物
920504,2.89,医药生物
920547,7.36,医药生物
920566,10.7,医药生物
920575,7.14,医药生物
920656,4.4,医药生物
920670,9.26,医药生物
920735,27.33,医药生物
920925,6.22,医药生物
920946,41.1,医药生物
920992,5.97,医药生物
000007,45.14,商贸零售
000056,17.8,商贸零售
000058,61.55,商贸零售
000061,98.15,商贸零售
000151,35.1,商贸零售
000417,62.01,商贸零售
000419,25.0,商贸零售
000501,51.62,商贸零售
000564,209.82,商贸零售
000626,33.5,商贸零售
000679,23.42,商贸零售
000701,31.18,商贸零售
000715,23.64,商贸零售
000759,40.72,商贸零售
000785,121.89,商贸零售
000829,78.86,商贸零售
000882,37.75,商贸零售
002024,107.34,商贸零售
002072,30.03,商贸零售
002091,116.99,商贸零售
002127,52.26,商贸零售
002177,40.43,商贸零售
002183,143.35,商贸零售
002187,33.92,商贸零售
002251,78.35,商贸零售
002277,82.12,商贸零售
002305,32.95,商贸零售
002315,61.47,商贸零售
002344,46.25,商贸零售
002356,38.03,商贸零售
002416,119.09,商贸零售
002419,49.53,商贸零售
002561,26.57,商贸零售
002640,48.62,商贸零售
002697,48.79,商贸零售
002803,81.21,商贸零售
002818,33.41,商贸零售
003010,50.88,商贸零售
300022,36.13,商贸零售
300209,218.16,商贸零售
300464,28.55,商贸零售
300518,64.18,商贸零售
300592,52.3,商贸零售
300622,31.19,商贸零售
300755,52.7,商贸零售
300792,57.66,商贸零售
300947,19.84,商贸零售
301001,11.34,商贸零售
301078,89.32,商贸零售
301110,34.73,商贸零售
301381,36.44,商贸零售
301558,13.78,商贸零售
600058,126.16,商贸零售
600113,115.86,商贸零售
600128,19.89,商贸零售
600162,114.4,商贸零售
600185,87.46,商贸零售
600239,19.91,商贸零售
600278,54.04,商贸零售
600280,30.35,商贸零售
600287,19.7,商贸零售
600365,10.13,商贸零售
600539,29.95,商贸零售
600605,64.26,商贸零售
600628,37.26,商贸零售
600655,164.93,商贸零售
600693,70.12,商贸零售
600694,51.67,商贸零售
600697,15.37,商贸零售
600710,129.24,商贸零售
600712,25.42,商贸零售
600725,38.21,商贸零售
600729,36.49,商贸零售
600738,28.37,商贸零售
600743,54.19,商贸零售
600778,15.25,商贸零售
600785,32.57,商贸零售
600790,51.01,商贸零售
600814,46.31,商贸零售
600824,35.73,商贸零售
600827,124.51,商贸零售
600828,62.68,商贸零售
600838,29.46,商贸零售
600857,38.94,商贸零售
600858,23.39,商贸零售
600859,107.1,商贸零售
600865,32.02,商贸零售
600981,51.13,商贸零售
601010,26.06,商贸零售
601086,45.35,商贸零售
601116,56.41,商贸零售
601366,32.06,商贸零售
601828,80.56,商贸零售
601933,269.54,商贸零售
603101,29.96,商贸零售
603214,17.25,商贸零售
603613,141.44,商贸零售
603682,34.78,商贸零售
603708,55.73,商贸零售
605136,29.59,商贸零售
605188,61.44,商贸零售
000561,57.68,国防军工
000576,29.28,国防军工
000697,68.84,国防军工
000738,236.21,国防军工
002023,99.87,国防军工
002111,44.18,国防军工
002265,185.12,国防军工
002297,189.76,国防军工
002389,175.09,国防军工
002651,42.47,国防军工
002829,25.49,国防军工
002933,31.14,国防军工
002985,92.53,国防军工
003009,88.63,国防军工
300008,105.92,国防军工
300034,133.47,国防军工
300065,139.47,国防军工
300424,39.79,国防军工
300527,67.41,国防军工
300581,61.61,国防军工
300589,28.32,国防军工
300600,28.57,国防军工
300696,81.97,国防军工
300699,227.53,国防军工
300719,21.5,国防军工
300722,60.33,国防军工
300775,118.29,国防军工
300777,115.1,国防军工
300810,29.66,国防军工
300875,25.69,国防军工
300900,85.28,国防军工
300922,21.43,国防军工
300965,23.68,国防军工
301357,77.06,国防军工
301586,17.75,国防军工
301696,32.51,国防军工
600038,171.11,国防军工
600184,169.98,国防军工
600316,189.39,国防军工
600391,105.25,国防军工
600435,170.59,国防军工
600685,211.77,国防军工
600764,127.63,国防军工
600765,206.64,国防军工
600862,248.24,国防军工
600967,190.09,国防军工
601606,207.13,国防军工
601890,80.97,国防军工
603261,40.3,国防军工
605123,115.55,国防军工
688066,26.21,国防军工
688070,33.65,国防军工
688231,105.46,国防军工
688237,48.21,国防军工
688239,107.71,国防军工
688281,182.63,国防军工
688282,51.83,国防军工
688297,288.63,国防军工
688510,62.17,国防军工
688523,203.07,国防军工
688543,97.19,国防军工
688563,57.79,国防军工
688586,89.98,国防军工
688685,78.82,国防军工
688708,72.86,国防军工
688818,83.96,国防军工
920006,7.52,国防军工
920642,10.96,国防军工
000420,102.01,基础化工
000422,152.12,基础化工
000510,157.72,基础化工
000525,44.8,基础化工
000545,25.82,基础化工
000553,124.09,基础化工
000565,25.67,基础化工
000635,23.11,基础化工
000677,14.0,基础化工
000683,207.88,基础化工
000691,42.57,基础化工
000707,24.67,基础化工
000731,28.87,基础化工
000782,41.19,基础化工
000818,97.48,基础化工
000822,37.33,基础化工
000830,247.16,基础化工
000833,112.79,基础化工
000859,100.79,基础化工
000881,57.48,基础化工
000902,140.45,基础化工
000912,52.21,基础化工
000920,63.33,基础化工
000936,48.64,基础化工
000949,117.11,基础化工
000973,143.18,基础化工
000990,103.42,基础化工
001207,45.8,基础化工
001217,28.91,基础化工
001218,28.71,基础化工
001231,9.66,基础化工
001255,20.33,基础化工
001296,16.35,基础化工
001325,7.26,基础化工
001333,24.82,基础化工
001335,11.06,基础化工
001358,12.18,基础化工
001359,76.91,基础化工
001369,28.41,基础化工
001378,15.85,基础化工
002037,30.97,基础化工
002054,27.07,基础化工
002068,109.0,基础化工
002092,99.93,基础化工
002096,112.76,基础化工
002108,74.98,基础化工
002109,31.14,基础化工
002136,28.95,基础化工
002145,191.09,基础化工
002165,49.55,基础化工
002166,47.49,基础化工
002170,88.55,基础化工
002206,57.6,基础化工
002211,16.39,基础化工
002224,27.01,基础化工
002226,120.26,基础化工
002246,104.81,基础化工
002250,122.43,基础化工
002254,171.58,基础化工
002258,106.53,基础化工
002263,74.01,基础化工
002274,45.86,基础化工
002312,193.66,基础化工
002319,21.18,基础化工
002324,98.12,基础化工
002326,205.92,基础化工
002360,16.18,基础化工
002361,111.48,基础化工
002381,16.66,基础化工
002386,80.04,基础化工
002391,23.44,基础化工
002395,32.69,基础化工
002427,45.88,基础化工
002430,280.28,基础化工
002440,109.97,基础化工
002442,26.46,基础化工
002453,30.1,基础化工
002455,50.82,基础化工
002469,36.48,基础化工
002470,67.03,基础化工
002496,22.44,基础化工
002497,235.33,基础化工
002522,72.49,基础化工
002538,49.9,基础化工
002539,109.09,基础化工
002545,201.85,基础化工
002562,37.1,基础化工
002585,130.35,基础化工
002588,72.13,基础化工
002591,14.48,基础化工
002597,125.76,基础化工
002632,57.33,基础化工
002637,50.5,基础化工
002666,20.28,基础化工
002669,51.95,基础化工
002683,183.97,基础化工
002734,79.4,基础化工
002748,26.26,基础化工
002749,43.65,基础化工
002753,17.3,基础化工
002758,42.76,基础化工
002768,137.39,基础化工
002783,32.88,基础化工
002802,16.53,基础化工
002809,13.38,基础化工
002810,81.47,基础化工
002825,21.63,基础化工
002827,68.97,基础化工
002838,139.78,基础化工
002886,63.46,基础化工
002895,185.62,基础化工
002909,19.36,基础化工
002915,54.76,基础化工
002917,27.31,基础化工
002942,20.67,基础化工
002971,108.98,基础化工
002998,18.61,基础化工
002999,18.93,基础化工
003002,33.83,基础化工
003017,18.16,基础化工
003042,15.5,基础化工
300019,64.91,基础化工
300041,81.83,基础化工
300067,54.17,基础化工
300072,82.53,基础化工
300082,63.83,基础化工
300107,20.18,基础化工
300109,82.59,基础化工
300121,51.74,基础化工
300169,14.57,基础化工
300174,120.54,基础化工
300180,70.73,基础化工
300200,48.58,基础化工
300214,45.61,基础化工
300218,25.89,基础化工
300221,75.48,基础化工
300225,37.67,基础化工
300230,27.65,基础化工
300243,46.36,基础化工
300261,42.8,基础化工
300305,20.86,基础化工
300320,43.39,基础化工
300321,46.98,基础化工
300334,33.31,基础化工
300343,60.56,基础化工
300387,20.02,基础化工
300405,11.73,基础化工
300478,48.67,基础化工
300487,185.27,基础化工
300505,54.32,基础化工
300522,62.99,基础化工
300535,11.43,基础化工
300538,20.76,基础化工
300539,45.58,基础化工
300575,17.41,基础化工
300586,86.5,基础化工
300587,41.05,基础化工
300596,113.52,基础化工
300610,16.69,基础化工
300637,24.76,基础化工
300641,86.24,基础化工
300644,21.7,基础化工
300665,24.61,基础化工
300717,20.74,基础化工
300721,48.63,基础化工
300727,56.97,基础化工
300731,99.57,基础化工
300741,82.34,基础化工
300758,45.51,基础化工
300767,58.2,基础化工
300796,23.62,基础化工
300798,27.91,基础化工
300801,38.76,基础化工
300804,9.14,基础化工
300821,222.92,基础化工
300829,21.91,基础化工
300834,87.9,基础化工
300848,35.94,基础化工
300858,28.97,基础化工
300876,17.28,基础化工
300891,22.88,基础化工
300905,74.43,基础化工
300910,75.73,基础化工
300920,31.31,基础化工
300927,32.21,基础化工
300980,26.25,基础化工
300995,16.85,基础化工
301003,40.05,基础化工
301019,19.31,基础化工
301035,170.41,基础化工
301036,15.77,基础化工
301037,8.45,基础化工
301057,19.74,基础化工
301069,98.71,基础化工
301071,198.58,基础化工
301076,39.33,基础化工
301077,21.85,基础化工
301090,95.17,基础化工
301092,27.82,基础化工
301100,12.91,基础化工
301118,32.45,基础化工
301131,13.02,基础化工
301149,28.55,基础化工
301156,13.12,基础化工
301190,23.55,基础化工
301196,152.25,基础化工
301206,30.11,基础化工
301209,87.47,基础化工
301212,22.27,基础化工
301216,132.48,基础化工
301220,24.89,基础化工
301237,43.23,基础化工
301256,56.02,基础化工
301283,23.34,基础化工
301286,91.95,基础化工
301300,12.75,基础化工
301373,75.08,基础化工
301395,15.94,基础化工
301518,15.07,基础化工
301538,22.68,基础化工
301555,21.74,基础化工
301565,35.41,基础化工
301585,17.37,基础化工
301588,28.01,基础化工
301591,24.71,基础化工
301617,39.03,基础化工
301618,22.04,基础化工
301665,23.33,基础化工
301683,19.81,基础化工
301687,26.48,基础化工
600063,171.32,基础化工
600075,69.51,基础化工
600078,101.31,基础化工
600135,43.93,基础化工
600165,19.5,基础化工
600227,32.45,基础化工
600230,58.78,基础化工
600273,89.43,基础化工
600299,242.44,基础化工
600319,25.67,基础化工
600328,93.26,基础化工
600331,239.17,基础化工
600367,170.58,基础化工
600370,60.34,基础化工
600389,84.75,基础化工
600409,141.41,基础化工
600423,17.73,基础化工
600470,33.8,基础化工
600486,217.35,基础化工
600527,38.27,基础化工
600586,59.67,基础化工
600596,231.46,基础化工
600610,47.77,基础化工
600618,79.56,基础化工
600623,149.9,基础化工
600691,55.83,基础化工
600714,63.31,基础化工
600722,57.76,基础化工
600727,38.16,基础化工
600731,28.76,基础化工
600746,63.65,基础化工
600784,45.07,基础化工
600810,72.95,基础化工
600844,20.57,基础化工
600866,56.76,基础化工
600873,211.44,基础化工
600929,78.73,基础化工
600935,77.86,基础化工
600955,88.11,基础化工
601026,15.94,基础化工
601065,43.58,基础化工
601113,38.65,基础化工
601568,141.01,基础化工
601678,133.02,基础化工
603004,13.28,基础化工
603010,88.64,基础化工
603020,56.38,基础化工
603033,88.8,基础化工
603041,19.38,基础化工
603051,31.03,基础化工
603062,14.61,基础化工
603065,84.34,基础化工
603077,211.08,基础化工
603079,22.34,基础化工
603086,23.35,基础化工
603110,48.82,基础化工
603113,37.42,基础化工
603120,19.0,基础化工
603125,124.37,基础化工
603155,72.76,基础化工
603172,23.25,基础化工
603181,99.37,基础化工
603188,23.32,基础化工
603192,24.2,基础化工
603213,60.68,基础化工
603217,49.4,基础化工
603227,76.73,基础化工
603255,20.38,基础化工
603276,11.69,基础化工
603281,146.79,基础化工
603285,33.52,基础化工
603299,69.47,基础化工
603310,28.67,基础化工
603330,33.01,基础化工
603332,23.06,基础化工
603334,11.9,基础化工
603360,114.83,基础化工
603382,20.58,基础化工
603395,13.55,基础化工
603406,9.64,基础化工
603505,164.97,基础化工
603580,31.1,基础化工
603585,27.06,基础化工
603599,93.67,基础化工
603612,92.85,基础化工
603639,34.8,基础化工
603681,56.11,基础化工
603683,90.5,基础化工
603722,34.45,基础化工
603739,29.93,基础化工
603790,43.67,基础化工
603810,18.82,基础化工
603822,53.9,基础化工
603823,223.59,基础化工
603826,185.29,基础化工
603867,81.42,基础化工
603879,15.7,基础化工
603916,64.77,基础化工
603928,37.89,基础化工
603938,266.61,基础化工
603948,42.05,基础化工
603968,19.71,基础化工
603970,26.64,基础化工
603977,87.16,基础化工
603980,45.35,基础化工
605008,71.19,基础化工
605016,105.68,基础化工
605020,195.54,基础化工
605033,23.51,基础化工
605077,34.22,基础化工
605086,47.65,基础化工
605166,31.44,基础化工
605183,68.46,基础化工
605366,101.01,基础化工
605399,40.44,基础化工
605488,77.34,基础化工
605566,52.58,基础化工
688065,290.76,基础化工
688087,61.33,基础化工
688089,18.6,基础化工
688129,31.93,基础化工
688133,36.69,基础化工
688157,40.83,基础化工
688179,96.47,基础化工
688196,46.96,基础化工
688199,54.27,基础化工
688203,21.0,基础化工
688219,66.23,基础化工
688267,46.04,基础化工
688269,43.66,基础化工
688323,131.06,基础化工
688350,50.02,基础化工
688357,27.9,基础化工
688386,83.28,基础化工
688398,46.08,基础化工
688571,35.42,基础化工
688602,18.61,基础化工
688625,248.6,基础化工
688639,42.82,基础化工
688659,17.49,基础化工
688669,107.66,基础化工
688716,22.34,基础化工
688722,35.99,基础化工
920015,20.41,基础化工
920016,4.38,基础化工
920028,11.21,基础化工
920033,12.83,基础化工
920056,5.81,基础化工
920066,4.06,基础化工
920077,52.72,基础化工
920083,11.53,基础化工
920089,11.75,基础化工
920098,10.74,基础化工
920159,4.26,基础化工
920175,9.04,基础化工
920188,5.58,基础化工
920206,8.34,基础化工
920225,15.6,基础化工
920261,21.59,基础化工
920304,11.98,基础化工
920422,5.9,基础化工
920469,6.31,基础化工
920471,6.28,基础化工
920489,14.81,基础化工
920519,7.56,基础化工
920665,6.23,基础化工
920675,6.57,基础化工
920694,8.95,基础化工
920719,7.19,基础化工
920819,33.2,基础化工
920832,7.44,基础化工
920834,6.25,基础化工
920866,6.78,基础化工
920871,5.38,基础化工
920957,3.74,基础化工
920970,3.67,基础化工
920971,35.7,基础化工
920974,8.03,基础化工
000016,37.84,家用电器
000404,50.92,家用电器
000521,44.29,家用电器
000801,111.76,家用电器
000810,135.94,家用电器
000921,251.66,家用电器
001259,32.48,家用电器
001268,27.41,家用电器
001387,15.0,家用电器
002005,41.7,家用电器
002011,111.47,家用电器
002035,35.58,家用电器
002242,62.53,家用电器
002290,221.86,家用电器
002402,192.34,家用电器
002403,25.82,家用电器
002418,49.55,家用电器
002508,138.07,家用电器
002543,41.88,家用电器
002614,19.72,家用电器
002668,111.45,家用电器
002676,34.63,家用电器
002677,32.04,家用电器
002705,88.76,家用电器
002848,23.52,家用电器
002860,46.26,家用电器
002959,47.61,家用电器
003023,21.64,家用电器
003028,15.88,家用电器
300160,32.27,家用电器
300217,52.39,家用电器
300247,30.31,家用电器
300272,24.89,家用电器
300279,32.14,家用电器
300342,177.64,家用电器
300403,39.84,家用电器
300824,23.48,家用电器
300894,32.29,家用电器
300911,42.15,家用电器
301008,28.51,家用电器
301135,17.45,家用电器
301187,36.76,家用电器
301280,28.77,家用电器
301332,20.42,家用电器
301578,6.36,家用电器
600336,49.32,家用电器
600619,111.35,家用电器
600854,21.66,家用电器
600983,53.42,家用电器
601956,29.15,家用电器
603075,9.14,家用电器
603112,92.86,家用电器
603150,66.78,家用电器
603215,27.0,家用电器
603219,81.74,家用电器
603311,81.62,家用电器
603355,166.51,家用电器
603366,51.95,家用电器
603486,295.1,家用电器
603519,41.12,家用电器
603551,33.62,家用电器
603578,23.01,家用电器
603579,35.0,家用电器
603657,30.26,家用电器
603677,25.9,家用电器
603726,53.38,家用电器
603868,135.6,家用电器
605336,29.13,家用电器
605555,59.06,家用电器
688169,248.74,家用电器
688609,55.35,家用电器
688696,44.93,家用电器
688793,14.57,家用电器
920108,6.76,家用电器
920124,10.1,家用电器
920199,9.79,家用电器
920699,14.59,家用电器
920718,4.35,家用电器
920768,7.78,家用电器
920926,8.53,家用电器
000012,93.46,建筑材料
000055,23.25,建筑材料
000401,92.1,建筑材料
000619,16.45,建筑材料
000672,212.01,建筑材料
000789,31.18,建筑材料
000877,269.49,建筑材料
001212,83.64,建筑材料
002043,92.87,建筑材料
002066,49.53,建筑材料
002088,40.43,建筑材料
002201,73.99,建筑材料
002205,19.4,建筑材料
002225,40.98,建筑材料
002233,84.24,建筑材料
002247,13.84,建筑材料
002271,234.53,建筑材料
002302,56.93,建筑材料
002333,30.99,建筑材料
002372,121.79,建筑材料
002392,95.73,建筑材料
002398,23.59,建筑材料
002457,42.56,建筑材料
002596,34.17,建筑材料
002641,42.86,建筑材料
002652,22.07,建筑材料
002671,20.8,建筑材料
002694,14.81,建筑材料
002718,110.45,建筑材料
002785,86.11,建筑材料
002791,29.37,建筑材料
003037,33.67,建筑材料
300196,79.04,建筑材料
300198,22.58,建筑材料
300234,39.15,建筑材料
300374,26.28,建筑材料
300599,20.46,建筑材料
300715,55.52,建筑材料
300737,65.36,建筑材料
300986,73.81,建筑材料
301010,18.14,建筑材料
301429,7.04,建筑材料
600293,36.66,建筑材料
600326,91.15,建筑材料
600425,53.44,建筑材料
600449,57.38,建筑材料
600668,31.71,建筑材料
600678,24.08,建筑材料
600801,231.98,建筑材料
600802,19.66,建筑材料
600819,42.68,建筑材料
601112,30.65,建筑材料
601636,247.05,建筑材料
601992,115.84,建筑材料
603038,40.44,建筑材料
603378,21.47,建筑材料
603601,140.05,建筑材料
603616,23.56,建筑材料
603737,220.46,建筑材料
603856,37.06,建筑材料
605006,148.98,建筑材料
605122,19.23,建筑材料
605318,168.73,建筑材料
688119,54.11,建筑材料
920076,4.81,建筑材料
920191,3.95,建筑材料
920580,6.48,建筑材料
920792,10.08,建筑材料
000010,15.89,建筑装饰
000032,292.23,建筑装饰
000065,110.76,建筑装饰
000498,70.44,建筑装饰
000628,96.6,建筑装饰
000779,36.11,建筑装饰
000928,75.6,建筑装饰
002047,72.02,建筑装饰
002051,166.18,建筑装饰
002060,48.45,建筑装饰
002061,88.63,建筑装饰
002062,88.85,建筑装饰
002081,128.77,建筑装饰
002116,38.36,建筑装饰
002135,72.24,建筑装饰
002140,66.88,建筑装饰
002163,69.43,建筑装饰
002200,11.51,建筑装饰
002307,44.26,建筑装饰
002323,26.51,建筑装饰
002375,46.05,建筑装饰
002431,22.35,建筑装饰
002482,45.67,建筑装饰
002541,82.17,建筑装饰
002542,21.81,建筑装饰
002586,36.98,建筑装饰
002620,15.33,建筑装饰
002628,33.77,建筑装饰
002629,15.58,建筑装饰
002663,25.44,建筑装饰
002713,63.6,建筑装饰
002743,17.43,建筑装饰
002761,72.7,建筑装饰
002775,20.93,建筑装饰
002789,18.95,建筑装饰
002811,32.84,建筑装饰
002830,15.45,建筑装饰
002856,21.88,建筑装饰
002883,13.26,建筑装饰
002941,73.34,建筑装饰
002949,15.51,建筑装饰
002963,28.29,建筑装饰
002989,68.05,建筑装饰
003001,15.58,建筑装饰
003013,59.99,建筑装饰
300048,54.36,建筑装饰
300284,61.01,建筑装饰
300384,25.8,建筑装饰
300500,15.42,建筑装饰
300506,43.35,建筑装饰
300517,12.35,建筑装饰
300564,13.27,建筑装饰
300621,13.18,建筑装饰
300635,14.74,建筑装饰
300649,29.18,建筑装饰
300675,18.04,建筑装饰
300712,38.47,建筑装饰
300732,21.54,建筑装饰
300778,18.79,建筑装饰
300826,32.82,建筑装饰
300844,20.55,建筑装饰
300949,10.4,建筑装饰
300977,15.61,建筑装饰
300982,30.54,建筑装饰
300983,58.37,建筑装饰
300989,21.43,建筑装饰
301024,24.9,建筑装饰
301027,24.67,建筑装饰
301038,37.17,建筑装饰
301046,32.57,建筑装饰
301058,40.11,建筑装饰
301091,85.89,建筑装饰
301098,16.69,建筑装饰
301136,31.17,建筑装饰
301167,13.48,建筑装饰
301365,41.71,建筑装饰
301390,14.43,建筑装饰
301505,12.87,建筑装饰
600170,202.6,建筑装饰
600234,74.42,建筑装饰
600248,104.13,建筑装饰
600284,48.9,建筑装饰
600477,55.91,建筑装饰
600491,16.22,建筑装饰
600496,63.48,建筑装饰
600502,77.07,建筑装饰
600512,30.95,建筑装饰
600629,144.19,建筑装饰
600720,50.05,建筑装饰
600820,165.07,建筑装饰
600846,61.73,建筑装饰
600853,31.73,建筑装饰
600939,45.85,建筑装饰
600970,200.31,建筑装饰
601068,117.23,建筑装饰
601133,182.49,建筑装饰
601226,77.64,建筑装饰
601789,45.86,建筑装饰
601886,95.17,建筑装饰
603017,27.78,建筑装饰
603018,44.52,建筑装饰
603030,27.39,建筑装饰
603098,57.65,建筑装饰
603137,23.67,建筑装饰
603153,52.33,建筑装饰
603163,123.25,建筑装饰
603176,20.37,建筑装饰
603257,18.24,建筑装饰
603357,34.59,建筑装饰
603458,46.81,建筑装饰
603637,45.9,建筑装饰
603815,31.81,建筑装饰
603828,24.73,建筑装饰
603843,61.08,建筑装饰
603860,16.45,建筑装饰
603909,23.25,建筑装饰
603955,28.64,建筑装饰
603959,21.38,建筑装饰
605167,78.27,建筑装饰
605178,85.58,建筑装饰
605287,59.04,建筑装饰
605289,211.29,建筑装饰
605303,41.71,建筑装饰
605598,95.6,建筑装饰
920003,3.87,建筑装饰
920019,29.27,建筑装饰
920057,5.47,建筑装饰
920099,14.15,建筑装饰
920149,4.85,建筑装饰
920427,5.4,建筑装饰
920873,8.54,建筑装饰
920892,17.53,建筑装饰
000002,286.65,房地产
000006,99.36,房地产
000011,36.12,房地产
000014,23.19,房地产
000029,214.44,房地产
000031,95.58,房地产
000036,66.08,房地产
000042,59.44,房地产
000090,60.16,房地产
000402,78.3,房地产
000514,31.81,房地产
000517,42.61,房地产
000560,49.57,房地产
000573,23.55,房地产
000608,50.91,房地产
000609,34.05,房地产
000620,145.29,房地产
000656,88.77,房地产
000668,30.92,房地产
000718,40.39,房地产
000736,28.24,房地产
000797,35.34,房地产
000838,16.75,房地产
000863,47.11,房地产
000897,27.33,房地产
000909,15.49,房地产
000926,31.31,房地产
000965,33.52,房地产
001914,88.72,房地产
002016,33.42,房地产
002133,19.02,房地产
002146,43.42,房地产
002188,13.0,房地产
002208,125.12,房地产
002244,215.09,房地产
002285,42.27,房地产
002314,26.77,房地产
002822,29.5,房地产
002968,18.32,房地产
300917,42.52,房地产
600007,192.59,房地产
600064,125.97,房地产
600082,17.38,房地产
600094,79.73,房地产
600136,24.68,房地产
600159,19.26,房地产
600208,256.09,房地产
600266,82.82,房地产
600322,30.3,房地产
600325,64.95,房地产
600340,45.16,房地产
600376,83.84,房地产
600383,99.77,房地产
600463,23.64,房地产
600503,33.33,房地产
600510,74.41,房地产
600533,20.68,房地产
600604,56.44,房地产
600606,175.68,房地产
600622,31.19,房地产
600638,31.11,房地产
600639,79.92,房地产
600648,93.52,房地产
600649,87.66,房地产
600657,70.44,房地产
600658,43.96,房地产
600663,200.39,房地产
600665,29.12,房地产
600675,128.18,房地产
600683,90.15,房地产
600684,26.2,房地产
600692,14.26,房地产
600708,81.0,房地产
600716,32.48,房地产
600724,88.29,房地产
600736,79.44,房地产
600748,70.83,房地产
600773,132.08,房地产
600791,48.58,房地产
600848,182.42,房地产
601155,240.22,房地产
601512,119.61,房地产
603506,18.36,房地产
000506,116.09,有色金属
000603,154.08,有色金属
000612,135.91,有色金属
000633,18.91,有色金属
000737,259.59,有色金属
000751,84.31,有色金属
000758,138.2,有色金属
000795,102.36,有色金属
000816,33.68,有色金属
000969,276.27,有色金属
000970,182.48,有色金属
001257,40.61,有色金属
001280,118.73,有色金属
001337,160.23,有色金属
002114,23.35,有色金属
002149,239.43,有色金属
002160,39.89,有色金属
002167,172.76,有色金属
002171,253.52,有色金属
002182,109.23,有色金属
002192,238.13,有色金属
002237,163.59,有色金属
002295,22.61,有色金属
002379,179.09,有色金属
002501,43.98,有色金属
002540,41.88,有色金属
002578,28.5,有色金属
002667,29.65,有色金属
002716,195.29,有色金属
002756,234.1,有色金属
002824,88.43,有色金属
002842,138.02,有色金属
002978,94.94,有色金属
002988,57.41,有色金属
002996,25.23,有色金属
003038,19.18,有色金属
300057,83.76,有色金属
300127,68.0,有色金属
300139,89.44,有色金属
300224,129.63,有色金属
300328,116.93,有色金属
300337,82.38,有色金属
300618,100.28,有色金属
300697,55.38,有色金属
300835,210.48,有色金属
300855,91.99,有色金属
300930,14.4,有色金属
300963,44.35,有色金属
301026,35.58,有色金属
301141,20.25,有色金属
301219,156.62,有色金属
301323,58.31,有色金属
301522,73.66,有色金属
301531,35.0,有色金属
301622,33.35,有色金属
600255,72.97,有色金属
600281,22.38,有色金属
600301,164.38,有色金属
600338,148.92,有色金属
600361,140.72,有色金属
600366,173.98,有色金属
600456,130.24,有色金属
600459,204.06,有色金属
600490,124.74,有色金属
600531,205.82,有色金属
600595,231.26,有色金属
600888,250.36,有色金属
600961,263.13,有色金属
601020,202.94,有色金属
601069,207.34,有色金属
601137,219.37,有色金属
601388,66.26,有色金属
601609,190.15,有色金属
601677,207.01,有色金属
601702,145.89,有色金属
603072,50.42,有色金属
603124,146.37,有色金属
603132,162.25,有色金属
603271,42.62,有色金属
603399,116.49,有色金属
603407,32.99,有色金属
603527,44.63,有色金属
603876,270.79,有色金属
603937,29.1,有色金属
603978,57.97,有色金属
605158,35.54,有色金属
605208,50.78,有色金属
688077,33.12,有色金属
688190,121.2,有色金属
688456,153.6,有色金属
688750,38.29,有色金属
688786,80.55,有色金属
688811,26.48,有色金属
920068,28.47,有色金属
920078,6.63,有色金属
920152,14.02,有色金属
920576,59.76,有色金属
920634,6.98,有色金属
920751,18.32,有色金属
920914,20.01,有色金属
000008,63.56,机械设备
000039,202.75,机械设备
000410,93.62,机械设备
000528,156.22,机械设备
000530,32.05,机械设备
000570,26.73,机械设备
000680,129.5,机械设备
000777,65.18,机械设备
000837,111.42,机械设备
000852,47.89,机械设备
000856,16.68,机械设备
000880,54.67,机械设备
000925,61.68,机械设备
001223,35.25,机械设备
001225,8.75,机械设备
001226,16.61,机械设备
001237,21.66,机械设备
001239,15.61,机械设备
001256,26.57,机械设备
001266,30.12,机械设备
001277,13.21,机械设备
001288,39.8,机械设备
001306,8.59,机械设备
001324,25.12,机械设备
001332,28.26,机械设备
001360,24.07,机械设备
001379,10.81,机械设备
001395,12.55,机械设备
001400,48.49,机械设备
001696,225.17,机械设备
002006,74.54,机械设备
002009,70.67,机械设备
002021,31.56,机械设备
002026,49.91,机械设备
002031,109.65,机械设备
002073,53.24,机械设备
002097,79.8,机械设备
002122,44.13,机械设备
002131,292.74,机械设备
002132,72.2,机械设备
002158,190.64,机械设备
002164,58.29,机械设备
002175,27.45,机械设备
002184,23.49,机械设备
002204,104.1,机械设备
002209,16.51,机械设备
002248,27.67,机械设备
002272,95.63,机械设备
002278,26.31,机械设备
002282,29.69,机械设备
002334,54.98,机械设备
002337,26.58,机械设备
002342,91.17,机械设备
002347,29.36,机械设备
002367,53.71,机械设备
002438,68.6,机械设备
002445,70.04,机械设备
002483,44.53,机械设备
002490,34.4,机械设备
002514,13.13,机械设备
002520,52.88,机械设备
002523,43.33,机械设备
002526,46.4,机械设备
002527,68.7,机械设备
002529,18.88,机械设备
002530,48.94,机械设备
002535,16.72,机械设备
002559,56.4,机械设备
002564,38.05,机械设备
002598,18.68,机械设备
002611,172.83,机械设备
002613,34.43,机械设备
002633,23.44,机械设备
002639,87.14,机械设备
002685,64.99,机械设备
002686,27.6,机械设备
002689,26.28,机械设备
002690,61.81,机械设备
002691,13.81,机械设备
002698,98.9,机械设备
002722,26.93,机械设备
002730,104.36,机械设备
002747,288.47,机械设备
002757,54.63,机械设备
002760,18.0,机械设备
002767,22.44,机械设备
002774,39.87,机械设备
002779,119.02,机械设备
002786,37.9,机械设备
002795,30.15,机械设备
002816,26.91,机械设备
002819,54.82,机械设备
002833,50.09,机械设备
002843,51.07,机械设备
002849,35.08,机械设备
002871,30.96,机械设备
002877,17.2,机械设备
002884,41.4,机械设备
002890,22.28,机械设备
002896,143.54,机械设备
002903,53.6,机械设备
002931,134.72,机械设备
002943,98.41,机械设备
002957,253.13,机械设备
002960,79.59,机械设备
002972,23.32,机械设备
002975,214.52,机械设备
002979,116.56,机械设备
003025,32.65,机械设备
003036,202.01,机械设备
300004,50.74,机械设备
300007,102.14,机械设备
300011,32.36,机械设备
300024,248.24,机械设备
300066,61.98,机械设备
300083,196.36,机械设备
300084,39.7,机械设备
300091,42.19,机械设备
300092,25.06,机械设备
300095,27.16,机械设备
300097,24.46,机械设备
300099,37.86,机械设备
300103,25.58,机械设备
300112,15.04,机械设备
300126,12.45,机械设备
300145,107.01,机械设备
300151,94.38,机械设备
300154,25.28,机械设备
300157,26.97,机械设备
300159,67.8,机械设备
300161,57.52,机械设备
300165,23.76,机械设备
300179,231.87,机械设备
300193,33.63,机械设备
300195,23.57,机械设备
300201,185.78,机械设备
300203,62.28,机械设备
300210,42.81,机械设备
300211,21.85,机械设备
300220,16.33,机械设备
300227,58.68,机械设备
300228,41.02,机械设备
300257,260.53,机械设备
300259,60.97,机械设备
300263,154.62,机械设备
300275,22.15,机械设备
300276,73.89,机械设备
300278,54.83,机械设备
300281,24.87,机械设备
300293,60.78,机械设备
300306,15.49,机械设备
300307,56.66,机械设备
300349,41.93,机械设备
300351,45.04,机械设备
300354,25.61,机械设备
300370,32.48,机械设备
300371,14.08,机械设备
300382,123.51,机械设备
300400,99.29,机械设备
300402,38.39,机械设备
300411,22.23,机械设备
300412,21.9,机械设备
300415,87.27,机械设备
300417,8.79,机械设备
300420,100.46,机械设备
300421,42.95,机械设备
300430,11.49,机械设备
300435,91.7,机械设备
300441,41.25,机械设备
300445,29.8,机械设备
300461,57.31,机械设备
300466,33.3,机械设备
300470,56.19,机械设备
300471,32.15,机械设备
300472,18.13,机械设备
300480,103.15,机械设备
300484,22.46,机械设备
300486,102.65,机械设备
300488,63.94,机械设备
300499,116.33,机械设备
300503,192.01,机械设备
300509,21.0,机械设备
300512,22.48,机械设备
300515,27.72,机械设备
300521,41.34,机械设备
300540,52.55,机械设备
300549,13.59,机械设备
300553,67.36,机械设备
300554,22.03,机械设备
300557,55.86,机械设备
300572,51.23,机械设备
300594,12.14,机械设备
300606,54.08,机械设备
300607,135.81,机械设备
300667,28.78,机械设备
300669,50.22,机械设备
300700,61.78,机械设备
300718,119.86,机械设备
300720,148.24,机械设备
300756,62.88,机械设备
300780,33.23,机械设备
300802,48.27,机械设备
300809,41.14,机械设备
300813,14.23,机械设备
300817,20.15,机械设备
300818,28.65,机械设备
300823,12.41,机械设备
300828,16.34,机械设备
300833,24.42,机械设备
300836,47.27,机械设备
300837,18.86,机械设备
300838,13.19,机械设备
300851,11.28,机械设备
300853,32.03,机械设备
300861,105.17,机械设备
300865,14.17,机械设备
300879,32.53,机械设备
300885,40.55,机械设备
300897,18.14,机械设备
300902,20.17,机械设备
300906,18.78,机械设备
300923,16.4,机械设备
300931,33.2,机械设备
300943,63.24,机械设备
300946,30.7,机械设备
300950,16.11,机械设备
300960,20.9,机械设备
300971,17.71,机械设备
300984,44.38,机械设备
300985,67.5,机械设备
300988,25.97,机械设备
300990,83.11,机械设备
300992,20.06,机械设备
301006,10.85,机械设备
301013,160.69,机械设备
301016,38.38,机械设备
301021,207.38,机械设备
301028,39.63,机械设备
301029,129.65,机械设备
301032,15.54,机械设备
301043,24.14,机械设备
301048,46.67,机械设备
301053,53.57,机械设备
301056,20.63,机械设备
301063,16.63,机械设备
301070,73.17,机械设备
301079,25.69,机械设备
301083,11.47,机械设备
301105,7.56,机械设备
301107,18.08,机械设备
301112,31.22,机械设备
301125,25.72,机械设备
301128,192.63,机械设备
301129,14.19,机械设备
301137,62.49,机械设备
301138,21.11,机械设备
301151,30.32,机械设备
301158,26.2,机械设备
301160,58.1,机械设备
301161,26.44,机械设备
301197,34.69,机械设备
301199,31.57,机械设备
301226,35.11,机械设备
301252,60.38,机械设备
301255,8.26,机械设备
301260,28.42,机械设备
301261,29.75,机械设备
301268,50.15,机械设备
301272,10.56,机械设备
301273,22.02,机械设备
301279,29.47,机械设备
301303,17.54,机械设备
301309,20.22,机械设备
301311,32.14,机械设备
301312,94.01,机械设备
301317,34.28,机械设备
301320,15.45,机械设备
301338,187.39,机械设备
301353,6.99,机械设备
301360,25.04,机械设备
301368,48.68,机械设备
301392,92.61,机械设备
301399,9.47,机械设备
301413,52.68,机械设备
301418,16.08,机械设备
301446,12.37,机械设备
301448,25.32,机械设备
301468,49.0,机械设备
301510,91.73,机械设备
301512,12.27,机械设备
301525,32.96,机械设备
301528,29.57,机械设备
301533,6.91,机械设备
301548,24.75,机械设备
301559,11.41,机械设备
301568,58.18,机械设备
301596,22.61,机械设备
301598,8.94,机械设备
301601,13.56,机械设备
301603,51.02,机械设备
301616,9.96,机械设备
301633,11.7,机械设备
600114,256.23,机械设备
600169,63.66,机械设备
600172,233.17,机械设备
600202,17.83,机械设备
600215,27.55,机械设备
600243,15.58,机械设备
600262,34.77,机械设备
600302,28.65,机械设备
600320,141.68,机械设备
600343,152.4,机械设备
600397,254.22,机械设备
600444,19.49,机械设备
600495,42.17,机械设备
600501,66.48,机械设备
600520,53.04,机械设备
600528,150.84,机械设备
600545,115.32,机械设备
600558,45.24,机械设备
600560,25.2,机械设备
600579,38.95,机械设备
600582,184.58,机械设备
600592,56.54,机械设备
600615,20.72,机械设备
600761,145.81,机械设备
600815,46.48,机械设备
600835,165.41,机械设备
600843,41.43,机械设备
600860,36.54,机械设备
600889,55.1,机械设备
600894,69.81,机械设备
600980,37.76,机械设备
600984,51.66,机械设备
600992,22.01,机械设备
601002,42.47,机械设备
601038,78.51,机械设备
601106,229.74,机械设备
601177,50.83,机械设备
601369,140.42,机械设备
601399,253.2,机械设备
601608,224.86,机械设备
601717,226.7,机械设备
601798,27.76,机械设备
601882,100.28,机械设备
603011,175.57,机械设备
603012,50.23,机械设备
603015,50.93,机械设备
603025,155.17,机械设备
603028,19.44,机械设备
603029,17.74,机械设备
603036,31.09,机械设备
603076,24.84,机械设备
603081,37.64,机械设备
603082,18.25,机械设备
603088,44.36,机械设备
603090,55.14,机械设备
603095,38.77,机械设备
603100,84.81,机械设备
603111,48.7,机械设备
603131,56.74,机械设备
603135,76.17,机械设备
603159,26.54,机械设备
603169,91.83,机械设备
603173,55.84,机械设备
603187,44.66,机械设备
603194,53.0,机械设备
603201,32.59,机械设备
603203,237.09,机械设备
603269,70.3,机械设备
603270,20.31,机械设备
603273,7.27,机械设备
603275,16.16,机械设备
603277,62.99,机械设备
603278,38.21,机械设备
603279,69.4,机械设备
603280,28.48,机械设备
603283,254.14,机械设备
603289,23.94,机械设备
603321,20.78,机械设备
603325,17.63,机械设备
603331,21.71,机械设备
603337,183.57,机械设备
603338,226.54,机械设备
603339,45.89,机械设备
603356,23.59,机械设备
603391,11.92,机械设备
603400,15.55,机械设备
603416,74.01,机械设备
603500,43.11,机械设备
603583,84.86,机械设备
603611,42.35,机械设备
603617,28.54,机械设备
603638,194.94,机械设备
603656,32.0,机械设备
603662,188.63,机械设备
603666,55.51,机械设备
603667,234.63,机械设备
603680,78.37,机械设备
603698,212.2,机械设备
603700,23.02,机械设备
603757,134.16,机械设备
603789,14.27,机械设备
603800,176.7,机械设备
603855,55.8,机械设备
603895,31.67,机械设备
603901,54.67,机械设备
603912,45.79,机械设备
603915,96.26,机械设备
603933,48.38,机械设备
603956,30.21,机械设备
603966,43.97,机械设备
603969,60.07,机械设备
605001,21.81,机械设备
605056,67.53,机械设备
605060,116.89,机械设备
605100,93.83,机械设备
605186,46.12,机械设备
605259,30.56,机械设备
605286,44.86,机械设备
605288,78.48,机械设备
605298,102.44,机械设备
605305,90.32,机械设备
605389,170.18,机械设备
688003,228.0,机械设备
688015,29.64,机械设备
688022,14.04,机械设备
688028,193.46,机械设备
688056,46.53,机械设备
688059,195.58,机械设备
688071,28.97,机械设备
688090,170.67,机械设备
688092,17.96,机械设备
688097,282.63,机械设备
688112,117.96,机械设备
688113,23.16,机械设备
688115,44.24,机械设备
688121,13.13,机械设备
688125,132.34,机械设备
688128,99.75,机械设备
688160,99.31,机械设备
688162,32.44,机械设备
688165,97.21,机械设备
688170,86.47,机械设备
688211,43.1,机械设备
688215,36.23,机械设备
688218,60.22,机械设备
688251,27.58,机械设备
688255,30.76,机械设备
688285,27.39,机械设备
688290,64.15,机械设备
688305,84.04,机械设备
688306,114.35,机械设备
688310,25.91,机械设备
688312,137.82,机械设备
688320,57.76,机械设备
688328,74.51,机械设备
688329,16.11,机械设备
688333,287.98,机械设备
688337,134.86,机械设备
688355,21.32,机械设备
688360,49.72,机械设备
688367,31.37,机械设备
688377,55.19,机械设备
688379,76.81,机械设备
688383,199.23,机械设备
688395,19.43,机械设备
688400,299.63,机械设备
688419,83.0,机械设备
688420,18.65,机械设备
688425,217.07,机械设备
688448,52.65,机械设备
688455,33.29,机械设备
688459,37.92,机械设备
688518,99.26,机械设备
688528,15.81,机械设备
688529,26.61,机械设备
688531,191.35,机械设备
688539,56.82,机械设备
688557,31.3,机械设备
688558,41.58,机械设备
688559,201.8,机械设备
688569,34.63,机械设备
688570,26.52,机械设备
688577,69.08,机械设备
688583,40.66,机械设备
688596,137.8,机械设备
688600,40.83,机械设备
688610,100.69,机械设备
688622,94.63,机械设备
688623,24.74,机械设备
688628,115.63,机械设备
688633,52.31,机械设备
688646,42.17,机械设备
688648,23.4,机械设备
688665,59.43,机械设备
688686,189.15,机械设备
688697,84.96,机械设备
688698,111.83,机械设备
688700,277.51,机械设备
688755,21.8,机械设备
688768,47.82,机械设备
688789,99.84,机械设备
688813,73.33,机械设备
688816,11.42,机械设备
920002,25.38,机械设备
920014,5.74,机械设备
920026,19.38,机械设备
920027,6.13,机械设备
920035,4.74,机械设备
920061,9.09,机械设备
920080,5.08,机械设备
920082,4.64,机械设备
920091,5.65,机械设备
920096,8.21,机械设备
920101,7.37,机械设备
920112,6.17,机械设备
920125,36.53,机械设备
920126,6.08,机械设备
920156,11.06,机械设备
920158,4.66,机械设备
920169,11.05,机械设备
920174,17.67,机械设备
920177,5.02,机械设备
920178,22.91,机械设备
920211,8.58,机械设备
920223,11.81,机械设备
920245,7.3,机械设备
920260,7.57,机械设备
920284,15.17,机械设备
920363,7.62,机械设备
920396,11.11,机械设备
920405,16.62,机械设备
920407,4.71,机械设备
920425,14.21,机械设备
920455,5.86,机械设备
920475,6.87,机械设备
920476,17.74,机械设备
920491,34.83,机械设备
920505,12.2,机械设备
920509,28.3,机械设备
920510,20.93,机械设备
920541,8.83,机械设备
920553,6.2,机械设备
920570,6.47,机械设备
920578,7.21,机械设备
920579,7.49,机械设备
920593,45.77,机械设备
920599,58.06,机械设备
920608,6.09,机械设备
920651,8.17,机械设备
920662,6.75,机械设备
920679,5.59,机械设备
920685,6.18,机械设备
920689,8.67,机械设备
920693,10.5,机械设备
920703,7.63,机械设备
920706,9.12,机械设备
920717,2.94,机械设备
920725,53.9,机械设备
920781,5.7,机械设备
920807,15.33,机械设备
920810,5.04,机械设备
920833,8.54,机械设备
920839,17.68,机械设备
920855,7.88,机械设备
920856,4.7,机械设备
920870,8.44,机械设备
920879,21.1,机械设备
920885,11.68,机械设备
920895,3.52,机械设备
920931,2.76,机械设备
920942,7.91,机械设备
920943,7.1,机械设备
920950,4.62,机械设备
920961,22.75,机械设备
000030,69.51,汽车
000550,86.48,汽车
000572,63.23,汽车
000581,138.7,汽车
000589,65.01,汽车
000599,35.94,汽车
000678,40.08,汽车
000700,127.51,汽车
000757,18.75,汽车
000800,297.22,汽车
000868,31.75,汽车
000887,238.69,汽车
000901,139.44,汽车
000903,35.14,汽车
000913,54.4,汽车
000951,230.06,汽车
000957,57.51,汽车
000980,102.36,汽车
000981,285.4,汽车
001233,17.69,汽车
001260,18.88,汽车
001278,13.77,汽车
001282,31.77,汽车
001285,17.39,汽车
001311,29.4,汽车
001319,12.83,汽车
001365,23.06,汽车
001380,37.31,汽车
002048,167.51,汽车
002085,260.32,汽车
002101,60.79,汽车
002105,18.52,汽车
002190,88.96,汽车
002239,67.6,汽车
002283,97.68,汽车
002284,70.07,汽车
002328,43.84,汽车
002355,27.08,汽车
002363,25.69,汽车
002406,40.59,汽车
002420,22.91,汽车
002434,80.12,汽车
002448,74.07,汽车
002454,44.22,汽车
002472,295.07,汽车
002488,83.82,汽车
002510,59.39,汽车
002516,82.2,汽车
002536,282.49,汽车
002537,65.44,汽车
002553,40.69,汽车
002590,50.29,汽车
002592,16.6,汽车
002593,22.98,汽车
002662,60.15,汽车
002664,71.58,汽车
002703,86.85,汽车
002708,72.33,汽车
002715,18.26,汽车
002725,27.07,汽车
002765,43.38,汽车
002766,31.27,汽车
002806,35.38,汽车
002813,23.16,汽车
002863,26.5,汽车
002870,50.14,汽车
002906,133.3,汽车
002921,32.42,汽车
002937,135.28,汽车
002965,89.8,汽车
002976,33.43,汽车
002984,99.38,汽车
002997,60.98,汽车
003033,42.08,汽车
300100,156.97,汽车
300176,19.17,汽车
300237,24.94,汽车
300256,59.45,汽车
300258,62.8,汽车
300304,165.35,汽车
300375,22.98,汽车
300428,108.79,汽车
300446,61.82,汽车
300473,45.17,汽车
300507,55.18,汽车
300547,57.01,汽车
300580,89.79,汽车
300585,27.6,汽车
300611,36.25,汽车
300643,44.02,汽车
300652,41.06,汽车
300680,51.23,汽车
300681,68.96,汽车
300694,20.18,汽车
300695,53.28,汽车
300707,16.9,汽车
300733,37.31,汽车
300745,59.3,汽车
300816,44.11,汽车
300825,80.09,汽车
300863,167.9,汽车
300893,41.6,汽车
300912,20.78,汽车
300926,54.62,汽车
300928,15.95,汽车
300969,73.43,汽车
300978,25.64,汽车
300994,12.88,汽车
300998,31.34,汽车
301000,74.65,汽车
301005,192.05,汽车
301007,48.48,汽车
301020,34.92,汽车
301022,15.19,汽车
301039,101.09,汽车
301072,26.77,汽车
301119,27.27,汽车
301133,44.41,汽车
301170,7.48,汽车
301173,9.5,汽车
301181,27.78,汽车
301186,41.61,汽车
301192,9.68,汽车
301215,69.16,汽车
301225,24.95,汽车
301229,16.25,汽车
301233,16.61,汽车
301298,12.94,汽车
301310,33.97,汽车
301322,55.39,汽车
301345,76.67,汽车
301397,22.49,汽车
301398,38.71,汽车
301459,8.49,汽车
301488,29.86,汽车
301499,11.79,汽车
301529,58.61,汽车
301535,23.02,汽车
301539,10.12,汽车
301550,188.25,汽车
301552,7.24,汽车
301560,17.4,汽车
301581,23.94,汽车
301607,67.3,汽车
301608,30.79,汽车
301613,31.31,汽车
301631,33.45,汽车
301656,35.61,汽车
301667,17.96,汽车
301680,18.98,汽车
600006,107.0,汽车
600081,51.93,汽车
600099,18.1,汽车
600148,21.09,汽车
600151,159.78,汽车
600166,246.23,汽车
600178,45.67,汽车
600182,22.47,汽车
600218,33.28,汽车
600303,17.48,汽车
600335,73.33,汽车
600375,54.56,汽车
600386,25.97,汽车
600469,38.44,汽车
600480,104.94,汽车
600523,43.43,汽车
600609,42.14,汽车
600626,36.67,汽车
600651,142.65,汽车
600653,30.36,汽车
600679,30.07,汽车
600686,84.97,汽车
600698,49.83,汽车
600733,289.44,汽车
600742,54.91,汽车
600818,13.28,汽车
600822,31.3,汽车
600841,66.54,汽车
600933,143.72,汽车
600960,39.07,汽车
601163,102.56,汽车
601279,49.79,汽车
601500,59.36,汽车
601966,152.2,汽车
603007,42.4,汽车
603009,154.65,汽车
603013,83.14,汽车
603023,20.48,汽车
603035,39.46,汽车
603037,28.03,汽车
603040,124.51,汽车
603048,26.82,汽车
603049,225.12,汽车
603085,43.32,汽车
603089,21.03,汽车
603107,25.35,汽车
603109,35.67,汽车
603119,176.81,汽车
603121,43.37,汽车
603158,59.53,汽车
603161,27.16,汽车
603166,93.03,汽车
603178,35.56,汽车
603190,9.74,汽车
603197,58.97,汽车
603202,25.93,汽车
603210,32.27,汽车
603211,94.59,汽车
603239,40.2,汽车
603266,33.13,汽车
603286,56.32,汽车
603293,14.25,汽车
603305,143.54,汽车
603319,114.56,汽车
603335,38.96,汽车
603348,43.59,汽车
603352,11.81,汽车
603358,193.99,汽车
603376,8.12,汽车
603390,38.91,汽车
603409,10.1,汽车
603418,19.76,汽车
603529,164.34,汽车
603586,25.31,汽车
603596,223.42,汽车
603633,31.8,汽车
603655,31.61,汽车
603701,55.93,汽车
603730,237.63,汽车
603758,40.54,汽车
603766,240.88,汽车
603767,45.71,汽车
603768,22.7,汽车
603776,58.45,汽车
603786,173.09,汽车
603787,21.47,汽车
603788,31.41,汽车
603809,81.08,汽车
603917,25.13,汽车
603922,27.51,汽车
603926,41.3,汽车
603949,36.09,汽车
603950,241.96,汽车
603960,48.4,汽车
603982,19.69,汽车
603997,154.45,汽车
605005,64.64,汽车
605018,61.95,汽车
605068,28.87,汽车
605088,57.54,汽车
605128,75.07,汽车
605133,100.35,汽车
605151,25.87,汽车
605228,61.84,汽车
605255,111.78,汽车
605319,82.34,汽车
605333,79.3,汽车
688021,15.5,汽车
688280,29.67,汽车
688533,35.24,汽车
688612,72.41,汽车
688667,69.53,汽车
688737,25.47,汽车
689009,199.75,汽车
920000,6.92,汽车
920020,8.47,汽车
920022,3.38,汽车
920030,5.16,汽车
920055,4.48,汽车
920058,5.48,汽车
920086,6.92,汽车
920106,17.66,汽车
920146,5.56,汽车
920168,4.7,汽车
920187,6.54,汽车
920195,8.91,汽车
920212,4.93,汽车
920220,8.01,汽车
920221,8.24,汽车
920242,7.61,汽车
920247,21.76,汽车
920270,10.83,汽车
920271,6.11,汽车
920378,7.9,汽车
920418,32.18,汽车
920436,9.76,汽车
920454,5.82,汽车
920533,14.88,汽车
920663,8.45,汽车
920690,9.07,汽车
920720,7.54,汽车
920837,13.58,汽车
920896,5.88,汽车
920906,6.06,汽车
920978,20.82,汽车
000552,87.18,煤炭
000571,54.54,煤炭
000723,155.14,煤炭
000937,153.34,煤炭
600121,45.57,煤炭
600123,82.94,煤炭
600348,287.88,煤炭
600395,101.96,煤炭
600403,135.32,煤炭
600408,24.26,煤炭
600508,77.91,煤炭
600546,233.14,煤炭
600740,85.06,煤炭
600758,43.45,煤炭
600792,37.07,煤炭
600925,66.33,煤炭
600971,85.8,煤炭
600997,77.33,煤炭
601011,55.55,煤炭
601015,60.46,煤炭
601101,165.74,煤炭
601666,199.77,煤炭
601918,226.67,煤炭
000035,116.58,环保
000068,29.6,环保
000544,70.76,环保
000546,35.74,环保
000551,83.25,环保
000598,194.54,环保
000605,19.82,环保
000685,140.49,环保
000711,114.06,环保
000803,32.09,环保
000820,8.14,环保
000826,25.94,环保
000885,80.39,环保
000890,34.65,环保
001230,19.47,环保
001336,11.29,环保
002034,82.33,环保
002210,57.62,环保
002266,246.0,环保
002549,137.16,环保
002573,42.96,环保
002645,209.17,环保
002658,29.76,环保
002672,34.94,环保
002717,15.81,环保
002778,20.76,环保
002887,23.05,环保
002973,36.97,环保
003027,18.51,环保
003039,70.34,环保
300056,31.59,环保
300070,111.63,环保
300105,39.49,环保
300137,92.97,环保
300140,51.52,环保
300152,10.91,环保
300172,21.96,环保
300187,35.5,环保
300190,37.58,环保
300197,59.6,环保
300266,28.11,环保
300355,43.95,环保
300385,29.62,环保
300388,44.13,环保
300422,23.35,环保
300425,26.41,环保
300437,20.73,环保
300614,16.06,环保
300631,30.12,环保
300664,31.47,环保
300692,39.66,环保
300774,22.33,环保
300779,128.71,环保
300786,33.9,环保
300800,22.12,环保
300815,67.85,环保
300854,25.47,环保
300862,30.37,环保
300864,32.1,环保
300867,34.86,环保
300899,12.78,环保
300929,13.16,环保
300948,36.52,环保
300958,9.93,环保
300961,22.14,环保
301030,16.27,环保
301049,7.83,环保
301068,24.55,环保
301081,32.51,环保
301109,29.94,环保
301127,123.72,环保
301148,34.15,环保
301175,31.4,环保
301203,18.67,环保
301259,38.77,环保
301265,77.76,环保
301288,15.04,环保
301305,38.1,环保
301372,13.1,环保
301500,39.61,环保
301519,8.51,环保
600008,208.47,环保
600133,85.3,环保
600168,41.42,环保
600187,20.98,环保
600217,48.57,环保
600283,44.53,环保
600323,222.92,环保
600388,191.4,环保
600461,116.73,环保
600526,36.93,环保
600769,80.62,环保
600796,14.92,环保
600817,47.63,环保
600874,67.55,环保
601033,33.0,环保
601158,189.12,环保
601199,53.31,环保
601200,89.93,环保
601330,71.71,环保
601368,37.26,环保
601827,121.55,环保
603126,41.88,环保
603177,17.93,环保
603200,76.14,环保
603282,20.3,环保
603291,35.55,环保
603315,50.3,环保
603324,70.53,环保
603359,9.9,环保
603588,298.55,环保
603686,56.29,环保
603759,32.97,环保
603797,22.31,环保
603817,30.84,环保
603903,29.8,环保
605069,31.12,环保
688057,39.61,环保
688069,59.61,环保
688096,33.52,环保
688101,54.65,环保
688178,30.77,环保
688309,46.57,环保
688335,41.06,环保
688370,29.16,环保
688376,137.31,环保
688466,16.11,环保
688480,87.4,环保
688485,59.52,环保
688501,27.64,环保
688565,14.81,环保
688671,15.6,环保
688679,58.93,环保
688701,10.43,环保
688718,28.32,环保
920145,5.08,环保
920263,7.88,环保
920370,6.51,环保
920802,3.8,环保
000009,169.5,电力设备
000049,95.29,电力设备
000159,26.48,电力设备
000400,222.88,电力设备
000533,68.35,电力设备
000682,176.96,电力设备
000695,28.7,电力设备
000720,48.25,电力设备
000809,27.63,电力设备
000821,44.74,电力设备
000922,100.24,电力设备
001208,45.23,电力设备
001269,40.54,电力设备
001283,52.09,电力设备
001301,167.35,电力设备
001382,10.28,电力设备
001388,8.74,电力设备
001393,26.36,电力设备
002052,55.84,电力设备
002058,28.72,电力设备
002079,119.13,电力设备
002090,37.31,电力设备
002112,43.98,电力设备
002121,76.84,电力设备
002125,96.38,电力设备
002150,88.27,电力设备
002169,116.61,电力设备
002176,180.1,电力设备
002196,63.98,电力设备
002227,15.91,电力设备
002249,144.49,电力设备
002255,59.14,电力设备
002270,175.75,电力设备
002276,105.24,电力设备
002298,50.48,电力设备
002300,49.91,电力设备
002309,69.3,电力设备
002335,278.74,电力设备
002339,33.99,电力设备
002346,89.75,电力设备
002350,73.48,电力设备
002358,53.28,电力设备
002366,104.55,电力设备
002441,32.16,电力设备
002451,32.06,电力设备
002452,66.96,电力设备
002459,266.12,电力设备
002471,83.43,电力设备
002498,235.2,电力设备
002506,177.67,电力设备
002513,14.13,电力设备
002531,157.06,电力设备
002533,69.18,电力设备
002534,172.58,电力设备
002546,61.29,电力设备
002560,50.41,电力设备
002576,23.66,电力设备
002580,114.35,电力设备
002606,58.96,电力设备
002623,29.95,电力设备
002630,19.49,电力设备
002692,27.42,电力设备
002706,103.69,电力设备
002733,128.03,电力设备
002759,131.75,电力设备
002801,32.46,电力设备
002805,81.36,电力设备
002823,32.75,电力设备
002857,21.96,电力设备
002865,129.87,电力设备
002879,18.69,电力设备
002882,49.23,电力设备
002892,47.31,电力设备
002927,45.53,电力设备
002951,59.01,电力设备
002953,25.57,电力设备
002980,125.42,电力设备
003021,181.79,电力设备
300018,47.84,电力设备
300035,88.26,电力设备
300051,33.1,电力设备
300062,26.31,电力设备
300068,35.68,电力设备
300069,37.11,电力设备
300073,252.28,电力设备
300080,67.54,电力设备
300093,57.03,电力设备
300118,110.66,电力设备
300128,77.46,电力设备
300129,62.74,电力设备
300141,24.85,电力设备
300153,75.6,电力设备
300173,23.73,电力设备
300185,105.0,电力设备
300222,87.59,电力设备
300265,107.11,电力设备
300277,114.66,电力设备
300283,85.28,电力设备
300286,53.42,电力设备
300340,24.53,电力设备
300345,27.16,电力设备
300360,59.98,电力设备
300376,120.1,电力设备
300393,70.35,电力设备
300407,29.98,电力设备
300409,145.61,电力设备
300410,43.5,电力设备
300423,18.83,电力设备
300427,34.05,电力设备
300443,53.31,电力设备
300444,81.38,电力设备
300457,137.19,电力设备
300477,21.11,电力设备
300490,55.37,电力设备
300491,60.5,电力设备
300510,26.31,电力设备
300514,15.19,电力设备
300530,29.92,电力设备
300568,215.37,电力设备
300569,47.72,电力设备
300593,147.24,电力设备
300617,78.3,电力设备
300619,53.5,电力设备
300626,72.81,电力设备
300648,55.89,电力设备
300660,157.9,电力设备
300670,13.53,电力设备
300690,24.78,电力设备
300693,124.53,电力设备
300713,11.66,电力设备
300716,37.8,电力设备
300724,196.08,电力设备
300763,273.68,电力设备
300769,178.72,电力设备
300772,80.05,电力设备
300820,90.15,电力设备
300827,111.46,电力设备
300842,110.72,电力设备
300850,80.01,电力设备
300880,46.35,电力设备
300882,45.14,电力设备
300890,37.21,电力设备
300904,9.15,电力设备
300907,54.25,电力设备
300932,27.23,电力设备
300933,34.47,电力设备
300953,234.74,电力设备
301012,50.62,电力设备
301023,17.08,电力设备
301040,23.6,电力设备
301082,25.06,电力设备
301120,42.15,电力设备
301121,18.06,电力设备
301150,212.32,电力设备
301152,17.92,电力设备
301155,53.65,电力设备
301157,13.71,电力设备
301163,12.23,电力设备
301168,43.41,电力设备
301179,53.69,电力设备
301210,17.46,电力设备
301222,33.56,电力设备
301232,90.42,电力设备
301238,175.05,电力设备
301266,31.3,电力设备
301278,15.19,电力设备
301291,61.51,电力设备
301292,76.48,电力设备
301295,11.98,电力设备
301325,51.66,电力设备
301327,84.03,电力设备
301349,70.89,电力设备
301361,17.93,电力设备
301386,9.44,电力设备
301388,17.63,电力设备
301439,30.53,电力设备
301456,14.29,电力设备
301487,54.56,电力设备
301502,20.25,电力设备
301513,12.29,电力设备
301516,10.16,电力设备
301557,22.15,电力设备
301587,16.67,电力设备
301590,26.86,电力设备
301599,26.26,电力设备
301609,12.68,电力设备
301636,16.32,电力设备
301658,26.11,电力设备
301662,47.36,电力设备
301668,8.43,电力设备
301669,38.79,电力设备
600067,43.0,电力设备
600072,94.9,电力设备
600110,273.64,电力设备
600152,62.48,电力设备
600192,30.92,电力设备
600207,61.55,电力设备
600212,28.52,电力设备
600241,19.78,电力设备
600268,122.57,电力设备
600312,245.33,电力设备
600379,50.09,电力设备
600405,26.96,电力设备
600416,150.68,电力设备
600458,146.95,电力设备
600468,59.39,电力设备
600478,88.77,电力设备
600481,90.82,电力设备
600525,62.38,电力设备
600537,29.59,电力设备
600550,223.56,电力设备
600577,214.89,电力设备
600590,91.19,电力设备
600732,276.29,电力设备
600768,21.19,电力设备
600847,21.71,电力设备
600876,29.0,电力设备
600884,258.02,电力设备
600973,93.25,电力设备
601096,72.95,电力设备
601218,42.93,电力设备
601222,112.27,电力设备
601311,91.74,电力设备
601567,205.72,电力设备
601615,265.5,电力设备
601616,30.65,电力设备
601700,50.33,电力设备
601865,198.66,电力设备
603016,51.56,电力设备
603026,218.23,电力设备
603031,181.78,电力设备
603032,58.65,电力设备
603045,116.42,电力设备
603050,78.49,电力设备
603063,254.98,电力设备
603070,52.81,电力设备
603092,18.53,电力设备
603097,44.31,电力设备
603185,111.97,电力设备
603191,54.28,电力设备
603212,51.76,电力设备
603218,105.36,电力设备
603248,15.49,电力设备
603312,18.04,电力设备
603320,28.19,电力设备
603333,47.05,电力设备
603344,13.45,电力设备
603350,13.47,电力设备
603370,12.85,电力设备
603381,22.33,电力设备
603396,36.32,电力设备
603398,61.53,电力设备
603489,69.99,电力设备
603507,62.66,电力设备
603530,230.83,电力设备
603556,103.87,电力设备
603577,29.71,电力设备
603628,25.88,电力设备
603728,246.43,电力设备
603778,84.66,电力设备
603819,25.54,电力设备
603829,31.76,电力设备
603861,68.45,电力设备
603897,71.57,电力设备
603906,159.16,电力设备
603985,102.5,电力设备
603988,40.1,电力设备
605066,35.72,电力设备
605196,138.81,电力设备
605222,95.88,电力设备
605378,39.38,电力设备
688005,234.39,电力设备
688006,231.09,电力设备
688032,102.73,电力设备
688033,34.24,电力设备
688063,137.2,电力设备
688116,146.98,电力设备
688148,45.05,电力设备
688155,99.23,电力设备
688184,10.8,电力设备
688186,41.43,电力设备
688226,84.25,电力设备
688275,171.05,电力设备
688330,49.94,电力设备
688339,37.22,电力设备
688345,55.64,电力设备
688348,53.96,电力设备
688349,205.68,电力设备
688353,189.01,电力设备
688388,298.21,电力设备
688390,269.31,电力设备
688392,207.15,电力设备
688408,77.4,电力设备
688429,12.05,电力设备
688450,26.12,电力设备
688499,81.7,电力设备
688503,226.69,电力设备
688516,169.37,电力设备
688517,23.47,电力设备
688551,82.64,电力设备
688556,102.77,电力设备
688560,24.54,电力设备
688567,128.93,电力设备
688573,9.49,电力设备
688597,22.75,电力设备
688598,110.58,电力设备
688611,115.01,电力设备
688616,18.53,电力设备
688638,8.48,电力设备
688660,116.53,电力设备
688663,116.39,电力设备
688680,40.21,电力设备
688681,14.97,电力设备
688707,67.82,电力设备
688717,82.97,电力设备
688719,74.16,电力设备
688726,117.18,电力设备
688733,83.89,电力设备
688772,221.96,电力设备
688778,281.11,电力设备
688779,162.83,电力设备
688819,217.75,电力设备
920007,4.26,电力设备
920011,4.19,电力设备
920018,9.03,电力设备
920029,73.94,电力设备
920037,16.89,电力设备
920046,12.42,电力设备
920062,11.82,电力设备
920100,10.85,电力设备
920110,4.16,电力设备
920111,25.25,电力设备
920118,6.3,电力设备
920119,14.94,电力设备
920167,11.58,电力设备
920185,295.31,电力设备
920200,15.42,电力设备
920237,14.36,电力设备
920239,45.02,电力设备
920252,13.49,电力设备
920299,7.72,电力设备
920368,66.81,电力设备
920375,6.6,电力设备
920414,4.71,电力设备
920496,9.63,电力设备
920508,4.61,电力设备
920522,48.04,电力设备
920523,14.26,电力设备
920556,8.51,电力设备
920627,7.56,电力设备
920639,7.75,电力设备
920682,14.02,电力设备
920779,4.93,电力设备
920809,42.46,电力设备
920985,10.88,电力设备
000020,20.06,电子
000045,46.39,电子
000050,252.83,电子
000509,40.46,电子
000536,87.31,电子
000541,61.89,电子
000670,66.98,电子
000727,121.85,电子
000823,153.91,电子
001287,236.02,电子
001298,84.5,电子
001308,98.62,电子
001314,74.63,电子
001326,15.43,电子
001373,13.63,电子
002036,77.89,电子
002045,45.39,电子
002055,36.0,电子
002076,23.56,电子
002077,110.21,电子
002106,100.1,电子
002119,126.28,电子
002130,219.76,电子
002134,73.24,电子
002137,42.46,电子
002139,100.79,电子
002141,54.13,电子
002161,42.9,电子
002199,27.8,电子
002213,82.22,电子
002217,157.96,电子
002351,49.45,电子
002369,31.76,电子
002387,125.13,电子
002388,27.28,电子
002426,142.23,电子
002449,47.44,电子
002456,290.29,电子
002552,267.98,电子
002579,124.27,电子
002584,48.11,电子
002587,36.86,电子
002635,72.94,电子
002638,51.94,电子
002643,172.14,电子
002654,175.13,电子
002655,176.18,电子
002660,22.88,电子
002681,74.54,电子
002723,28.95,电子
002724,27.82,电子
002729,32.28,电子
002741,157.11,电子
002745,134.82,电子
002782,110.45,电子
002815,145.56,电子
002841,175.85,电子
002845,39.96,电子
002855,24.06,电子
002861,32.5,电子
002866,31.98,电子
002876,52.04,电子
002885,101.12,电子
002888,16.9,电子
002913,201.07,电子
002922,125.16,电子
002925,179.84,电子
002947,168.16,电子
002952,28.78,电子
002955,61.79,电子
002962,36.77,电子
002981,22.88,电子
002983,32.28,电子
002992,68.87,电子
002993,162.5,电子
003015,30.45,电子
003019,53.08,电子
003026,56.61,电子
003043,73.93,电子
300032,31.0,电子
300046,81.96,电子
300053,99.64,电子
300076,17.85,电子
300077,164.4,电子
300088,255.76,电子
300102,202.97,电子
300120,58.12,电子
300131,219.71,电子
300162,34.59,电子
300184,191.15,电子
300219,67.48,电子
300232,51.81,电子
300241,40.93,电子
300269,24.86,电子
300296,130.56,电子
300301,27.64,电子
300303,138.05,电子
300319,256.06,电子
300322,113.9,电子
300323,217.59,电子
300327,110.4,电子
300331,161.84,电子
300389,27.98,电子
300429,67.26,电子
300456,242.92,电子
300460,26.2,电子
300481,53.29,电子
300493,74.37,电子
300516,83.44,电子
300537,46.94,电子
300543,18.66,电子
300545,45.25,电子
300566,69.25,电子
300576,129.86,电子
300582,28.56,电子
300602,196.04,电子
300613,175.9,电子
300625,15.18,电子
300632,69.83,电子
300647,28.59,电子
300650,25.31,电子
300655,199.07,电子
300656,50.58,电子
300657,216.92,电子
300671,158.05,电子
300679,240.32,电子
300684,121.36,电子
300686,51.73,电子
300701,24.94,电子
300706,88.9,电子
300708,57.23,电子
300709,97.03,电子
300735,170.57,电子
300736,43.83,电子
300739,115.78,电子
300752,30.13,电子
300784,7.51,电子
300787,18.53,电子
300793,43.16,电子
300808,27.35,电子
300812,46.6,电子
300822,34.59,电子
300831,40.18,电子
300843,226.29,电子
300852,92.28,电子
300868,127.92,电子
300889,33.81,电子
300909,82.79,电子
300916,22.79,电子
300936,56.49,电子
300939,81.19,电子
300940,23.8,电子
300951,81.24,电子
300956,24.5,电子
300964,64.46,电子
300968,42.08,电子
300975,211.2,电子
300976,108.09,电子
300991,36.89,电子
301002,33.72,电子
301031,137.18,电子
301041,28.98,电子
301045,46.07,电子
301051,39.45,电子
301067,21.91,电子
301086,140.13,电子
301099,84.41,电子
301106,32.32,电子
301123,212.89,电子
301132,53.55,电子
301176,122.84,电子
301180,21.4,电子
301182,93.29,电子
301183,152.65,电子
301189,92.51,电子
301251,41.77,电子
301275,128.53,电子
301282,53.52,电子
301285,255.01,电子
301297,199.59,电子
301319,277.48,电子
301321,60.3,电子
301326,106.17,电子
301328,72.91,电子
301329,15.07,电子
301348,46.28,电子
301359,11.91,电子
301362,77.8,电子
301366,71.84,电子
301369,127.57,电子
301379,56.82,电子
301383,18.26,电子
301387,45.67,电子
301389,283.13,电子
301421,40.57,电子
301458,78.45,电子
301479,42.97,电子
301489,122.91,电子
301491,11.75,电子
301536,239.33,电子
301563,36.24,电子
301566,85.15,电子
301567,7.78,电子
301606,102.35,电子
301611,220.49,电子
301626,191.16,电子
301628,31.74,电子
301629,76.86,电子
301630,39.2,电子
301666,193.61,电子
301678,93.64,电子
600071,47.92,电子
600130,34.5,电子
600171,226.5,电子
600198,124.6,电子
600203,74.84,电子
600237,81.14,电子
600261,42.72,电子
600360,133.77,电子
600363,142.53,电子
600552,254.19,电子
600745,200.02,电子
600877,197.03,电子
603002,282.95,电子
603052,169.11,电子
603068,59.12,电子
603078,176.97,电子
603160,278.65,电子
603175,42.23,电子
603297,145.39,电子
603303,134.16,电子
603316,63.58,电子
603327,113.12,电子
603328,140.38,电子
603341,111.65,电子
603375,30.17,电子
603380,72.84,电子
603386,65.59,电子
603435,23.13,电子
603459,75.07,电子
603515,131.36,电子
603595,81.87,电子
603626,108.7,电子
603679,37.69,电子
603685,60.04,电子
603690,132.39,电子
603703,46.93,电子
603738,249.9,电子
603890,127.48,电子
603931,110.22,电子
603936,166.55,电子
603989,214.34,电子
603991,93.43,电子
605058,55.47,电子
605218,35.2,电子
605258,30.95,电子
605277,72.38,电子
605365,72.89,电子
605588,46.58,电子
688007,58.74,电子
688010,74.1,电子
688018,291.18,电子
688020,190.71,电子
688035,133.85,电子
688045,56.46,电子
688049,79.26,电子
688055,179.33,电子
688061,55.64,电子
688079,115.77,电子
688093,97.35,电子
688103,55.71,电子
688106,186.64,电子
688107,177.46,电子
688123,298.42,电子
688130,16.42,电子
688135,93.4,电子
688138,127.97,电子
688150,257.44,电子
688153,126.71,电子
688173,74.16,电子
688181,69.26,电子
688209,112.57,电子
688210,65.6,电子
688216,41.93,电子
688230,86.99,电子
688233,261.69,电子
688252,93.79,电子
688259,42.14,电子
688260,172.8,电子
688261,119.65,电子
688262,141.93,电子
688270,204.6,电子
688279,195.46,电子
688286,58.01,电子
688299,48.14,电子
688307,100.1,电子
688325,109.48,电子
688332,280.22,电子
688352,75.19,电子
688359,170.22,电子
688368,278.67,电子
688371,116.58,电子
688372,288.52,电子
688378,140.31,电子
688380,247.19,电子
688381,128.45,电子
688391,39.9,电子
688401,172.47,电子
688416,148.4,电子
688449,245.41,电子
688458,38.87,电子
688478,120.1,电子
688484,226.49,电子
688486,105.37,电子
688496,2.26,电子
688508,113.09,电子
688512,48.04,电子
688515,128.88,电子
688530,61.13,电子
688535,198.3,电子
688538,138.05,电子
688545,229.09,电子
688548,277.87,电子
688549,203.9,电子
688550,83.13,电子
688582,154.13,电子
688584,100.28,电子
688589,29.62,电子
688591,56.24,电子
688593,168.23,电子
688595,57.93,电子
688601,78.76,电子
688603,88.36,电子
688605,100.19,电子
688608,279.12,电子
688620,33.11,电子
688652,197.51,电子
688653,52.49,电子
688655,72.51,电子
688661,240.56,电子
688662,211.06,电子
688678,87.8,电子
688683,56.7,电子
688689,60.63,电子
688691,79.97,电子
688693,39.99,电子
688699,85.02,电子
688709,83.66,电子
688711,89.29,电子
688720,69.22,电子
688721,28.04,电子
688727,34.02,电子
688729,79.94,电子
688781,21.5,电子
688783,95.55,电子
688785,55.49,电子
688790,15.95,电子
688795,211.58,电子
688797,167.69,电子
688798,95.78,电子
688800,294.77,电子
688802,142.77,电子
688807,70.88,电子
688809,149.09,电子
920001,13.0,电子
920005,6.17,电子
920012,13.68,电子
920060,26.95,电子
920128,5.62,电子
920139,48.92,电子
920161,14.02,电子
920179,48.4,电子
920181,11.34,电子
920183,3.54,电子
920186,119.31,电子
920267,4.23,电子
920339,20.7,电子
920346,7.12,电子
920357,13.23,电子
920402,34.87,电子
920438,200.73,电子
920526,13.89,电子
920641,6.62,电子
920701,11.93,电子
920821,15.39,电子
920857,11.01,电子
920876,7.05,电子
920981,17.47,电子
000059,63.18,石油石化
000096,36.63,石油石化
000554,20.95,石油石化
000637,13.13,石油石化
000698,23.49,石油石化
000819,44.59,石油石化
000968,60.08,石油石化
000985,19.17,石油石化
001316,52.3,石油石化
002207,16.17,石油石化
002221,81.23,石油石化
002377,22.86,石油石化
002408,134.53,石油石化
002476,30.6,石油石化
002554,41.6,石油石化
002828,19.98,石油石化
002986,38.03,石油石化
300055,42.27,石油石化
300135,28.94,石油石化
300164,48.76,石油石化
300191,63.06,石油石化
300483,70.12,石油石化
300839,36.65,石油石化
600339,176.99,石油石化
600506,37.34,石油石化
600583,227.26,石油石化
600688,223.53,石油石化
600759,82.87,石油石化
600800,37.29,石油石化
600871,280.42,石油石化
603223,84.42,石油石化
603353,67.49,石油石化
603393,97.55,石油石化
603619,90.2,石油石化
603727,52.26,石油石化
603798,38.67,石油石化
920088,10.84,石油石化
000069,114.52,社会服务
000428,32.3,社会服务
000430,28.46,社会服务
000524,59.96,社会服务
000526,30.34,社会服务
000558,41.37,社会服务
000610,13.24,社会服务
000721,30.02,社会服务
000796,52.43,社会服务
000888,48.48,社会服务
000978,25.33,社会服务
001396,7.98,社会服务
002033,46.32,社会服务
002057,94.31,社会服务
002059,41.29,社会服务
002159,17.48,社会服务
002186,26.57,社会服务
002306,15.28,社会服务
002607,101.44,社会服务
002627,42.59,社会服务
002659,22.73,社会服务
002707,43.42,社会服务
002858,16.69,社会服务
002967,100.8,社会服务
003008,13.55,社会服务
003032,14.71,社会服务
300010,34.1,社会服务
300012,202.52,社会服务
300144,152.99,社会服务
300192,54.57,社会服务
300215,49.37,社会服务
300338,8.85,社会服务
300359,22.55,社会服务
300416,100.99,社会服务
300492,68.74,社会服务
300662,34.93,社会服务
300668,56.29,社会服务
300688,40.15,社会服务
300795,15.1,社会服务
300797,52.23,社会服务
300859,40.73,社会服务
300860,26.71,社会服务
300887,26.44,社会服务
300938,148.9,社会服务
300962,32.45,社会服务
301073,33.89,社会服务
301115,47.44,社会服务
301169,54.01,社会服务
301228,92.91,社会服务
301289,37.81,社会服务
301306,95.63,社会服务
301449,8.09,社会服务
301508,13.94,社会服务
301632,11.3,社会服务
600054,55.54,社会服务
600138,49.15,社会服务
600158,67.55,社会服务
600250,25.02,社会服务
600258,126.62,社会服务
600455,13.84,社会服务
600576,35.53,社会服务
600593,47.81,社会服务
600636,7.5,社会服务
600654,62.8,社会服务
600661,20.43,社会服务
600662,92.65,社会服务
600706,17.86,社会服务
600730,63.18,社会服务
600749,31.55,社会服务
600754,169.88,社会服务
600826,67.08,社会服务
600861,67.16,社会服务
601007,24.41,社会服务
601588,45.49,社会服务
601965,119.91,社会服务
603060,49.28,社会服务
603099,97.23,社会服务
603136,22.69,社会服务
603183,17.7,社会服务
603199,34.42,社会服务
603373,24.22,社会服务
603377,20.32,社会服务
603402,15.53,社会服务
605098,64.86,社会服务
605108,30.24,社会服务
688334,57.5,社会服务
688757,132.29,社会服务
920039,12.31,社会服务
920122,9.27,社会服务
920160,5.34,社会服务
920208,18.6,社会服务
920753,5.27,社会服务
000017,22.57,纺织服饰
000026,75.9,纺织服饰
000726,33.53,纺织服饰
000850,33.96,纺织服饰
000955,25.52,纺织服饰
001209,16.12,纺织服饰
001234,19.15,纺织服饰
001312,11.11,纺织服饰
001390,22.47,纺织服饰
002003,86.16,纺织服饰
002029,51.97,纺织服饰
002042,60.03,纺织服饰
002083,113.03,纺织服饰
002098,23.56,纺织服饰
002144,14.04,纺织服饰
002154,45.07,纺织服饰
002193,11.07,纺织服饰
002269,31.41,纺织服饰
002293,81.87,纺织服饰
002327,30.29,纺织服饰
002345,79.35,纺织服饰
002394,28.89,纺织服饰
002397,26.43,纺织服饰
002404,26.88,纺织服饰
002486,18.62,纺织服饰
002494,12.99,纺织服饰
002563,113.67,纺织服饰
002569,20.25,纺织服饰
002574,22.81,纺织服饰
002634,19.41,纺织服饰
002656,19.71,纺织服饰
002674,76.68,纺织服饰
002687,18.86,纺织服饰
002721,59.3,纺织服饰
002731,9.99,纺织服饰
002762,16.7,纺织服饰
002763,21.74,纺织服饰
002780,16.53,纺织服饰
002832,81.97,纺织服饰
002867,125.18,纺织服饰
002875,29.72,纺织服饰
003016,26.01,纺织服饰
003041,61.3,纺织服饰
300005,199.59,纺织服饰
300577,21.96,纺织服饰
300591,24.95,纺织服饰
300819,113.5,纺织服饰
300840,34.67,纺织服饰
300877,34.12,纺织服饰
300901,31.94,纺织服饰
300918,56.54,纺织服饰
300945,26.46,纺织服饰
300952,26.16,纺织服饰
301066,28.14,纺织服饰
301088,22.56,纺织服饰
301177,113.32,纺织服饰
301276,16.53,纺织服饰
600107,20.16,纺织服饰
600137,16.26,纺织服饰
600156,34.7,纺织服饰
600232,24.65,纺织服饰
600398,261.75,纺织服饰
600400,76.76,纺织服饰
600439,24.11,纺织服饰
600448,16.56,纺织服饰
600493,14.66,纺织服饰
600612,104.33,纺织服饰
600630,40.23,纺织服饰
600735,23.74,纺织服饰
600916,118.94,纺织服饰
600987,63.6,纺织服饰
601339,106.92,纺织服饰
601566,47.24,纺织服饰
601599,33.66,纺织服饰
601718,65.85,纺织服饰
603001,56.7,纺织服饰
603055,73.63,纺织服饰
603073,7.85,纺织服饰
603116,35.32,纺织服饰
603130,57.44,纺织服饰
603196,58.7,纺织服饰
603238,20.27,纺织服饰
603307,23.55,纺织服饰
603365,42.14,纺织服饰
603511,47.5,纺织服饰
603518,25.22,纺织服饰
603557,26.93,纺织服饰
603558,38.48,纺织服饰
603587,53.89,纺织服饰
603608,94.57,纺织服饰
603665,42.19,纺织服饰
603808,29.28,纺织服饰
603839,23.18,纺织服饰
603877,58.2,纺织服饰
603889,53.42,纺织服饰
603900,19.78,纺织服饰
603908,16.41,纺织服饰
603958,40.03,纺织服饰
605003,23.63,纺织服饰
605055,49.06,纺织服饰
605138,32.33,纺织服饰
605180,20.97,纺织服饰
605189,30.68,纺织服饰
605599,109.36,纺织服饰
920262,4.79,纺织服饰
920527,6.03,纺织服饰
000025,55.5,综合
000421,29.63,综合
000632,13.96,综合
000652,49.43,综合
000753,45.91,综合
002575,35.18,综合
600051,18.06,综合
600620,27.95,综合
600676,70.45,综合
600682,64.37,综合
600689,15.49,综合
600770,84.11,综合
600805,35.71,综合
600881,51.39,综合
000615,28.31,美容护理
001206,20.95,美容护理
001328,41.35,美容护理
002243,82.24,美容护理
002511,84.63,美容护理
002612,29.29,美容护理
003006,59.1,美容护理
300132,29.21,美容护理
300658,26.61,美容护理
300740,69.01,美容护理
300849,24.54,美容护理
300856,49.56,美容护理
300886,9.58,美容护理
300888,161.39,美容护理
300896,181.86,美容护理
300955,37.2,美容护理
300957,131.36,美容护理
301009,12.64,美容护理
301059,23.58,美容护理
301108,16.63,美容护理
301371,20.12,美容护理
600223,51.95,美容护理
600249,25.68,美容护理
600315,113.4,美容护理
603059,25.13,美容护理
603193,19.4,美容护理
603605,223.45,美容护理
603630,29.48,美容护理
603983,88.9,美容护理
605009,46.73,美容护理
688363,171.62,美容护理
920123,6.38,美容护理
920982,74.71,美容护理
000034,237.25,计算机
000158,211.24,计算机
000409,51.55,计算机
000503,63.26,计算机
000555,109.55,计算机
000948,48.02,计算机
000997,176.3,计算机
001229,21.45,计算机
001339,170.38,计算机
002063,90.58,计算机
002065,211.12,计算机
002152,242.26,计算机
002153,118.22,计算机
002178,32.24,计算机
002180,179.97,计算机
002197,31.99,计算机
002212,68.61,计算机
002229,53.16,计算机
002232,57.32,计算机
002253,20.74,计算机
002268,108.19,计算机
002279,47.09,计算机
002322,35.21,计算机
002331,31.43,计算机
002362,32.59,计算机
002368,98.4,计算机
002373,102.77,计算机
002376,45.81,计算机
002380,49.49,计算机
002401,44.9,计算机
002405,161.37,计算机
002410,131.73,计算机
002421,75.13,计算机
002439,95.45,计算机
002474,30.94,计算机
002512,38.2,计算机
002528,45.26,计算机
002577,52.06,计算机
002609,35.42,计算机
002642,42.01,计算机
002649,44.41,计算机
002657,73.88,计算机
002771,23.0,计算机
002777,50.12,计算机
002835,14.92,计算机
002869,27.99,计算机
002908,21.34,计算机
002912,29.98,计算机
002970,75.91,计算机
002987,104.76,计算机
002990,100.2,计算机
003004,46.28,计算机
003005,16.79,计算机
003007,27.17,计算机
003029,29.2,计算机
300020,23.0,计算机
300036,51.98,计算机
300042,150.07,计算机
300044,32.41,计算机
300047,53.83,计算机
300074,19.25,计算机
300075,54.53,计算机
300078,33.96,计算机
300079,55.31,计算机
300085,251.81,计算机
300096,41.62,计算机
300130,97.64,计算机
300150,18.82,计算机
300155,13.14,计算机
300166,161.77,计算机
300167,16.68,计算机
300168,66.35,计算机
300170,162.28,计算机
300188,83.16,计算机
300212,59.72,计算机
300226,59.38,计算机
300229,126.59,计算机
300231,37.01,计算机
300235,26.43,计算机
300245,16.59,计算机
300248,32.56,计算机
300249,61.54,计算机
300250,23.02,计算机
300253,125.11,计算机
300264,30.15,计算机
300270,28.31,计算机
300271,39.48,计算机
300287,43.77,计算机
300288,23.5,计算机
300290,55.51,计算机
300300,53.48,计算机
300302,213.91,计算机
300311,26.49,计算机
300324,67.2,计算机
300333,31.6,计算机
300348,66.74,计算机
300352,34.2,计算机
300365,24.2,计算机
300366,24.67,计算机
300368,46.65,计算机
300369,44.42,计算机
300377,118.15,计算机
300378,100.18,计算机
300380,41.39,计算机
300386,28.59,计算机
300399,40.03,计算机
300419,24.38,计算机
300440,88.05,计算机
300448,38.49,计算机
300449,30.65,计算机
300451,49.62,计算机
300454,277.06,计算机
300455,148.1,计算机
300462,14.01,计算机
300465,53.69,计算机
300468,121.37,计算机
300469,124.97,计算机
300479,26.96,计算机
300496,228.84,计算机
300508,44.16,计算机
300520,82.38,计算机
300523,43.32,计算机
300525,48.65,计算机
300531,51.48,计算机
300532,38.4,计算机
300536,26.54,计算机
300541,38.76,计算机
300542,28.67,计算机
300546,21.32,计算机
300550,34.99,计算机
300551,35.33,计算机
300552,32.54,计算机
300556,19.69,计算机
300559,33.48,计算机
300561,36.93,计算机
300579,56.34,计算机
300588,40.4,计算机
300598,63.04,计算机
300605,12.09,计算机
300608,34.3,计算机
300609,39.61,计算机
300624,92.09,计算机
300634,90.89,计算机
300645,16.97,计算机
300659,18.85,计算机
300663,31.81,计算机
300674,112.34,计算机
300678,66.85,计算机
300682,107.67,计算机
300687,94.58,计算机
300691,34.99,计算机
300730,28.02,计算机
300743,19.91,计算机
300746,24.25,计算机
300766,79.28,计算机
300768,59.1,计算机
300771,20.14,计算机
300789,24.23,计算机
300790,121.78,计算机
300807,21.17,计算机
300830,27.67,计算机
300845,21.18,计算机
300847,38.93,计算机
300872,76.09,计算机
300884,18.91,计算机
300925,53.93,计算机
300935,17.41,计算机
300941,17.66,计算机
300996,37.58,计算机
301042,65.92,计算机
301085,37.06,计算机
301095,174.27,计算机
301117,27.01,计算机
301153,55.83,计算机
301159,16.15,计算机
301162,52.97,计算机
301172,28.22,计算机
301178,30.31,计算机
301185,21.01,计算机
301195,24.86,计算机
301208,20.13,计算机
301218,30.3,计算机
301221,26.08,计算机
301236,292.21,计算机
301248,97.38,计算机
301270,25.56,计算机
301315,35.56,计算机
301316,160.22,计算机
301318,18.72,计算机
301330,50.58,计算机
301337,27.22,计算机
301339,60.17,计算机
301378,11.49,计算机
301391,58.02,计算机
301503,9.05,计算机
301556,17.61,计算机
301589,49.8,计算机
301600,28.48,计算机
301638,61.38,计算机
600100,229.83,计算机
600131,186.2,计算机
600271,125.44,计算机
600288,55.87,计算机
600410,185.09,计算机
600446,104.86,计算机
600476,14.34,计算机
600536,244.91,计算机
600571,46.37,计算机
600589,149.33,计算机
600602,182.85,计算机
600666,112.1,计算机
600718,89.73,计算机
600728,93.62,计算机
600734,36.37,计算机
600756,40.84,计算机
600797,68.12,计算机
600850,126.11,计算机
600880,41.54,计算机
600936,72.86,计算机
601519,187.98,计算机
603039,103.86,计算机
603106,40.08,计算机
603138,42.44,计算机
603171,163.82,计算机
603189,27.28,计算机
603232,36.82,计算机
603322,43.38,计算机
603383,58.59,计算机
603496,78.55,计算机
603508,80.45,计算机
603516,264.13,计算机
603528,43.13,计算机
603636,47.65,计算机
603660,73.44,计算机
603859,118.36,计算机
603869,40.02,计算机
603918,35.74,计算机
603927,109.03,计算机
603990,63.64,计算机
605118,137.01,计算机
605398,33.13,计算机
688004,15.06,计算机
688023,36.39,计算机
688030,28.48,计算机
688031,139.63,计算机
688038,21.32,计算机
688039,43.33,计算机
688051,19.4,计算机
688058,16.3,计算机
688060,20.16,计算机
688078,14.93,计算机
688083,98.97,计算机
688088,140.49,计算机
688095,54.22,计算机
688109,61.32,计算机
688118,19.22,计算机
688152,28.63,计算机
688158,150.96,计算机
688168,61.9,计算机
688171,39.37,计算机
688191,115.88,计算机
688201,22.36,计算机
688206,170.83,计算机
688207,49.02,计算机
688208,172.1,计算机
688225,49.56,计算机
688227,119.84,计算机
688228,54.6,计算机
688229,34.53,计算机
688232,56.99,计算机
688244,21.39,计算机
688246,30.49,计算机
688258,147.15,计算机
688288,18.43,计算机
688291,60.57,计算机
688296,12.63,计算机
688316,26.73,计算机
688318,288.9,计算机
688326,78.5,计算机
688327,107.03,计算机
688343,273.08,计算机
688365,69.75,计算机
688369,22.4,计算机
688435,17.68,计算机
688475,212.94,计算机
688479,32.08,计算机
688489,38.94,计算机
688500,34.42,计算机
688507,136.38,计算机
688509,17.59,计算机
688561,159.65,计算机
688562,59.56,计算机
688579,31.48,计算机
688588,37.76,计算机
688590,36.96,计算机
688615,156.19,计算机
688619,30.41,计算机
688631,28.61,计算机
688651,10.78,计算机
688657,21.7,计算机
688692,181.42,计算机
688695,10.14,计算机
688787,84.76,计算机
920036,5.36,计算机
920090,4.26,计算机
920092,9.35,计算机
920116,132.82,计算机
920130,8.39,计算机
920171,13.75,计算机
920184,11.69,计算机
920190,22.91,计算机
920198,5.13,计算机
920207,12.24,计算机
920227,9.57,计算机
920305,2.9,计算机
920395,7.69,计算机
920415,10.99,计算机
920493,52.14,计算机
920564,8.45,计算机
920592,12.67,计算机
920748,9.32,计算机
920790,14.46,计算机
920799,43.78,计算机
920806,30.07,计算机
920808,169.2,计算机
920932,11.51,计算机
920953,14.37,计算机
920976,7.72,计算机
000488,32.87,轻工制造
000659,42.3,轻工制造
000812,24.2,轻工制造
000910,29.77,轻工制造
001211,23.06,轻工制造
001216,20.97,轻工制造
001221,14.77,轻工制造
001222,15.38,轻工制造
001238,41.36,轻工制造
001279,11.38,轻工制造
001300,29.37,轻工制造
001322,45.02,轻工制造
001323,51.42,轻工制造
001356,17.05,轻工制造
001368,23.16,轻工制造
001386,15.97,轻工制造
002012,31.47,轻工制造
002014,63.04,轻工制造
002067,50.7,轻工制造
002084,22.49,轻工制造
002094,31.0,轻工制造
002103,22.86,轻工制造
002117,42.41,轻工制造
002162,31.69,轻工制造
002191,56.25,轻工制造
002228,37.37,轻工制造
002235,45.39,轻工制造
002301,53.71,轻工制造
002303,41.09,轻工制造
002348,98.85,轻工制造
002374,38.09,轻工制造
002489,53.56,轻工制造
002521,27.2,轻工制造
002565,128.89,轻工制造
002571,31.14,轻工制造
002572,49.25,轻工制造
002599,20.65,轻工制造
002615,18.88,轻工制造
002631,77.53,轻工制造
002678,59.05,轻工制造
002701,111.5,轻工制造
002735,48.12,轻工制造
002752,58.73,轻工制造
002787,75.27,轻工制造
002790,14.31,轻工制造
002798,27.01,轻工制造
002799,19.87,轻工制造
002831,256.33,轻工制造
002836,22.12,轻工制造
002846,29.68,轻工制造
002853,25.75,轻工制造
002862,17.08,轻工制造
002899,32.66,轻工制造
002918,21.93,轻工制造
002969,157.68,轻工制造
003003,12.05,轻工制造
003011,15.12,轻工制造
003012,51.28,轻工制造
003018,184.26,轻工制造
300163,26.62,轻工制造
300260,233.3,轻工制造
300329,29.07,轻工制造
300501,18.95,轻工制造
300616,18.18,轻工制造
300640,12.34,轻工制造
300651,18.98,轻工制造
300703,21.88,轻工制造
300729,32.23,轻工制造
300749,37.89,轻工制造
300883,21.13,轻工制造
300993,23.97,轻工制造
301004,44.34,轻工制造
301011,21.79,轻工制造
301055,71.23,轻工制造
301061,64.79,轻工制造
301062,19.08,轻工制造
301101,53.92,轻工制造
301113,11.0,轻工制造
301193,36.43,轻工制造
301198,21.96,轻工制造
301223,31.11,轻工制造
301227,19.65,轻工制造
301287,5.7,轻工制造
301296,25.75,轻工制造
301335,17.6,轻工制造
301336,16.06,轻工制造
301355,13.47,轻工制造
301356,35.26,轻工制造
301376,34.47,轻工制造
301469,13.22,轻工制造
301501,11.79,轻工制造
301575,6.79,轻工制造
301595,16.46,轻工制造
600076,42.89,轻工制造
600103,72.12,轻工制造
600210,97.98,轻工制造
600235,18.02,轻工制造
600308,46.87,轻工制造
600337,44.12,轻工制造
600356,23.54,轻工制造
600433,56.01,轻工制造
600499,276.75,轻工制造
600567,85.78,轻工制造
600793,21.6,轻工制造
600963,54.31,轻工制造
600966,66.84,轻工制造
601515,66.78,轻工制造
601968,51.54,轻工制造
603008,30.53,轻工制造
603021,20.89,轻工制造
603022,16.62,轻工制造
603058,38.31,轻工制造
603091,20.23,轻工制造
603165,40.47,轻工制造
603180,21.95,轻工制造
603208,19.24,轻工制造
603216,48.68,轻工制造
603221,25.07,轻工制造
603226,187.13,轻工制造
603272,26.21,轻工制造
603284,6.95,轻工制造
603313,31.9,轻工制造
603326,20.33,轻工制造
603385,19.03,轻工制造
603389,152.45,轻工制造
603408,44.49,轻工制造
603429,48.88,轻工制造
603499,61.21,轻工制造
603600,27.78,轻工制造
603607,40.76,轻工制造
603610,67.35,轻工制造
603615,39.32,轻工制造
603661,51.87,轻工制造
603687,94.06,轻工制造
603709,17.42,轻工制造
603725,36.83,轻工制造
603733,197.13,轻工制造
603801,24.45,轻工制造
603816,184.52,轻工制造
603818,20.39,轻工制造
603833,188.11,轻工制造
603838,30.18,轻工制造
603848,57.3,轻工制造
603863,29.12,轻工制造
603898,44.86,轻工制造
603899,191.22,轻工制造
603992,137.43,轻工制造
605007,50.23,轻工制造
605080,27.49,轻工制造
605099,129.59,轻工制造
605155,23.69,轻工制造
605268,40.62,轻工制造
605299,56.87,轻工制造
605377,49.71,轻工制造
605500,26.73,轻工制造
920075,5.55,轻工制造
920121,3.61,轻工制造
920132,2.93,轻工制造
920163,5.81,轻工制造
920204,6.98,轻工制造
920218,4.54,轻工制造
920274,13.79,轻工制造
920392,5.56,轻工制造
920394,106.43,轻工制造
920445,7.15,轻工制造
920765,6.29,轻工制造
000070,212.21,通信
000586,27.51,通信
000815,110.2,通信
000839,106.23,通信
000889,31.23,通信
002017,89.39,通信
002093,65.49,通信
002104,63.87,通信
002115,80.26,通信
002123,54.76,通信
002148,27.05,通信
002194,59.57,通信
002289,132.74,通信
002296,31.54,通信
002313,28.68,通信
002316,14.11,通信
002396,141.64,通信
002467,66.29,通信
002544,125.55,通信
002547,28.84,通信
002583,107.36,通信
002792,115.81,通信
002796,91.42,通信
002881,68.21,通信
002897,169.02,通信
002902,53.84,通信
002929,150.27,通信
003040,51.26,通信
300025,22.04,通信
300050,33.87,通信
300081,24.85,通信
300098,72.15,通信
300113,96.71,通信
300134,70.38,通信
300183,38.88,通信
300205,21.8,通信
300213,34.68,通信
300292,68.18,通信
300310,30.28,通信
300353,117.73,通信
300383,236.13,通信
300414,35.3,通信
300504,38.48,通信
300513,20.65,通信
300555,24.35,通信
300560,37.56,通信
300563,34.5,通信
300565,24.99,通信
300571,57.02,通信
300578,34.81,通信
300590,52.28,通信
300597,20.19,通信
300603,29.95,通信
300615,16.41,通信
300627,189.15,通信
300628,244.98,通信
300638,100.79,通信
300689,62.1,通信
300698,34.27,通信
300710,26.48,通信
300711,41.26,通信
300738,204.95,通信
300846,93.52,通信
300895,72.76,通信
300913,142.37,通信
300921,34.51,通信
300959,79.17,通信
301139,3.37,通信
301191,79.08,通信
301202,13.51,通信
301205,289.34,通信
301307,63.17,通信
301314,9.31,通信
301380,22.03,通信
301382,99.55,通信
301419,46.62,通信
301428,26.38,通信
301486,167.67,通信
301577,16.06,通信
600289,29.31,通信
600345,153.63,通信
600775,67.32,通信
600776,142.35,通信
603042,33.61,通信
603118,97.31,通信
603206,54.78,通信
603220,101.1,通信
603236,199.66,通信
603421,40.5,通信
603559,31.46,通信
603803,51.84,通信
603881,225.34,通信
603887,61.05,通信
688080,29.01,通信
688100,148.54,通信
688143,294.56,通信
688159,42.07,通信
688182,177.48,通信
688283,40.99,通信
688292,29.72,通信
688418,85.38,通信
688592,16.49,通信
688618,34.43,通信
688635,83.99,通信
920045,129.01,通信
920249,13.89,通信
920374,5.45,通信
920640,58.56,通信
920924,10.05,通信
000629,295.44,钢铁
000655,39.71,钢铁
000709,208.78,钢铁
000717,48.71,钢铁
000761,82.32,钢铁
000762,147.59,钢铁
000778,151.46,钢铁
000825,205.06,钢铁
000898,152.78,钢铁
000923,80.06,钢铁
000932,250.81,钢铁
000959,238.45,钢铁
002075,77.0,钢铁
002110,70.44,钢铁
002318,228.36,钢铁
002443,51.44,钢铁
002478,47.63,钢铁
300881,23.25,钢铁
600022,133.74,钢铁
600117,69.01,钢铁
600126,214.45,钢铁
600231,47.65,钢铁
600282,290.99,钢铁
600295,216.13,钢铁
600307,90.19,钢铁
600382,48.19,钢铁
600399,84.21,钢铁
600507,92.3,钢铁
600516,272.56,钢铁
600569,48.83,钢铁
600581,32.96,钢铁
600782,79.9,钢铁
600808,153.97,钢铁
601003,89.19,钢铁
601005,96.44,钢铁
601121,47.28,钢铁
601686,72.42,钢铁
601969,164.31,钢铁
603878,30.13,钢铁
603995,88.21,钢铁
001227,86.88,银行
002807,103.55,银行
002839,99.15,银行
002936,118.8,银行
002948,188.44,银行
002958,152.31,银行
600908,105.56,银行
600928,151.72,银行
601128,215.61,银行
601187,192.76,银行
601528,84.25,银行
601860,89.14,银行
601963,217.03,银行
601997,195.61,银行
603323,89.7,银行
000415,237.29,非银金融
000532,38.27,非银金融
000563,149.33,非银金融
000567,116.72,非银金融
000686,204.32,非银金融
000712,82.94,非银金融
000750,223.15,非银金融
000935,190.25,非银金融
001236,57.01,非银金融
002423,204.6,非银金融
002500,193.49,非银金融
002647,112.9,非银金融
002670,195.94,非银金融
002797,287.86,非银金融
002926,223.65,非银金融
002961,100.82,非银金融
300773,170.44,非银金融
600053,34.42,非银金融
600095,231.88,非银金融
600120,155.4,非银金融
600155,126.84,非银金融
600318,32.87,非银金融
600369,277.1,非银金融
600390,217.26,非银金融
600517,281.35,非银金融
600621,142.27,非银金融
600643,63.61,非银金融
600783,140.54,非银金融
600816,142.74,非银金融
600830,36.62,非银金融
600864,114.22,非银金融
600906,169.94,非银金融
600918,251.87,非银金融
600927,195.19,非银金融
601099,240.62,非银金融
601375,143.76,非银金融
601990,253.62,非银金融
603093,124.39,非银金融
603123,54.79,非银金融
603300,94.74,非银金融
000523,47.38,食品饮料
000529,25.47,食品饮料
000639,12.85,食品饮料
000716,30.95,食品饮料
000729,256.73,食品饮料
000752,22.21,食品饮料
000799,139.25,食品饮料
000848,75.94,食品饮料
000860,73.06,食品饮料
000869,74.18,食品饮料
000929,17.44,食品饮料
000995,18.02,食品饮料
001215,34.51,食品饮料
001219,22.7,食品饮料
001318,28.86,食品饮料
002216,74.71,食品饮料
002329,17.66,食品饮料
002330,22.8,食品饮料
002461,174.85,食品饮料
002495,14.71,食品饮料
002507,127.83,食品饮料
002515,127.81,食品饮料
002557,92.37,食品饮料
002568,109.12,食品饮料
002570,44.93,食品饮料
002582,30.78,食品饮料
002626,83.06,食品饮料
002646,31.31,食品饮料
002650,68.08,食品饮料
002661,22.46,食品饮料
002695,51.61,食品饮料
002702,21.29,食品饮料
002719,9.78,食品饮料
002726,14.77,食品饮料
002732,20.23,食品饮料
002820,17.13,食品饮料
002840,57.36,食品饮料
002847,113.46,食品饮料
002910,19.07,食品饮料
002946,117.91,食品饮料
002956,69.35,食品饮料
002991,20.21,食品饮料
003000,30.96,食品饮料
300106,21.43,食品饮料
300146,109.04,食品饮料
300783,45.46,食品饮料
300791,42.45,食品饮料
300892,12.69,食品饮料
300898,22.01,食品饮料
300908,27.77,食品饮料
300915,11.51,食品饮料
300973,31.42,食品饮料
300997,61.95,食品饮料
301116,39.82,食品饮料
600059,68.46,食品饮料
600073,44.17,食品饮料
600084,42.81,食品饮料
600132,203.9,食品饮料
600186,279.11,食品饮料
600189,52.35,食品饮料
600197,46.47,食品饮料
600199,43.41,食品饮料
600238,20.71,食品饮料
600300,46.74,食品饮料
600305,73.13,食品饮料
600381,30.41,食品饮料
600419,24.52,食品饮料
600429,62.9,食品饮料
600530,43.24,食品饮料
600543,12.04,食品饮料
600559,108.49,食品饮料
600573,23.73,食品饮料
600597,86.15,食品饮料
600616,26.56,食品饮料
600696,2.48,食品饮料
600702,124.15,食品饮料
600779,144.35,食品饮料
600872,135.46,食品饮料
600882,86.1,食品饮料
600962,69.12,食品饮料
601579,70.39,食品饮料
603027,91.72,食品饮料
603043,73.12,食品饮料
603057,90.97,食品饮料
603102,20.62,食品饮料
603170,47.0,食品饮料
603198,243.92,食品饮料
603237,24.18,食品饮料
603262,12.31,食品饮料
603317,141.47,食品饮料
603345,242.99,食品饮料
603517,60.12,食品饮料
603536,19.39,食品饮料
603589,114.3,食品饮料
603696,28.13,食品饮料
603697,44.48,食品饮料
603711,48.68,食品饮料
603719,36.33,食品饮料
603755,23.12,食品饮料
603777,55.85,食品饮料
603779,25.3,食品饮料
603866,60.63,食品饮料
603886,29.5,食品饮料
603919,87.15,食品饮料
605089,30.94,食品饮料
605179,53.05,食品饮料
605198,186.4,食品饮料
605300,42.85,食品饮料
605337,33.59,食品饮料
605338,41.54,食品饮料
605339,53.84,食品饮料
605388,30.44,食品饮料
605567,16.62,食品饮料
920273,14.52,食品饮料
920429,11.41,食品饮料
920726,9.52,食品饮料
920786,9.19,食品饮料
920826,5.23,食品饮料
